t_s,tau,x_abs_m,z_abs_m,x_rel_O2_mm,z_rel_O2_mm,vx_m_s,vz_m_s,v_m_s,theta_deg,fan_open,A_face_cm2,Fx_qs_mN,Fz_qs_mN,phase
0.000,0.0000,0.12640,-0.08500,63.00,-89.00,-0.0078,0.0000,0.0000,0.0,0.750,14.44,0.1,-0.0,power
0.002,0.0022,0.12638,-0.08500,62.98,-89.00,-0.0156,0.0000,0.0156,0.0,0.783,14.98,0.2,-0.0,power
0.004,0.0043,0.12634,-0.08500,62.94,-89.00,-0.0311,0.0000,0.0311,0.0,0.817,15.52,1.0,-0.0,power
0.006,0.0065,0.12626,-0.08500,62.86,-89.00,-0.0467,0.0000,0.0467,0.0,0.850,16.05,2.2,-0.0,power
0.008,0.0087,0.12615,-0.08500,62.75,-89.00,-0.0622,0.0000,0.0622,0.0,0.883,16.59,4.1,-0.0,power
0.010,0.0108,0.12601,-0.08500,62.61,-89.00,-0.0778,0.0000,0.0778,0.0,0.917,17.13,6.7,-0.0,power
0.012,0.0130,0.12584,-0.08500,62.44,-89.00,-0.0933,0.0000,0.0933,0.0,0.950,17.67,10.0,-0.0,power
0.014,0.0151,0.12564,-0.08500,62.24,-89.00,-0.1089,0.0000,0.1089,0.0,0.983,18.20,14.0,-0.0,power
0.016,0.0173,0.12540,-0.08500,62.00,-89.00,-0.1244,0.0000,0.1244,0.0,1.000,18.47,18.6,-0.0,power
0.018,0.0195,0.12514,-0.08500,61.74,-89.00,-0.1400,0.0000,0.1400,0.0,1.000,18.47,23.5,-0.0,power
0.020,0.0216,0.12484,-0.08500,61.44,-89.00,-0.1556,0.0000,0.1556,0.0,1.000,18.47,29.0,-0.0,power
0.022,0.0238,0.12452,-0.08500,61.12,-89.00,-0.1711,0.0000,0.1711,0.0,1.000,18.47,35.1,-0.0,power
0.024,0.0260,0.12416,-0.08500,60.76,-89.00,-0.1867,0.0000,0.1867,0.0,1.000,18.47,41.8,-0.0,power
0.026,0.0281,0.12377,-0.08500,60.37,-89.00,-0.2022,0.0000,0.2022,0.0,1.000,18.47,49.0,-0.0,power
0.028,0.0303,0.12335,-0.08500,59.95,-89.00,-0.2178,0.0000,0.2178,0.0,1.000,18.47,56.9,-0.0,power
0.030,0.0325,0.12290,-0.08500,59.50,-89.00,-0.2333,0.0000,0.2333,0.0,1.000,18.47,65.3,-0.0,power
0.032,0.0346,0.12242,-0.08500,59.02,-89.00,-0.2489,0.0000,0.2489,0.0,1.000,18.47,74.3,-0.0,power
0.034,0.0368,0.12190,-0.08500,58.50,-89.00,-0.2644,0.0000,0.2644,0.0,1.000,18.47,83.9,-0.0,power
0.036,0.0389,0.12136,-0.08500,57.96,-89.00,-0.2800,0.0000,0.2800,0.0,1.000,18.47,94.0,-0.0,power
0.038,0.0411,0.12078,-0.08500,57.38,-89.00,-0.2956,-0.0000,0.2956,0.0,1.000,18.47,104.8,0.0,power
0.040,0.0433,0.12018,-0.08500,56.78,-89.00,-0.3111,0.0000,0.3111,0.0,1.000,18.47,116.1,-0.0,power
0.042,0.0454,0.11954,-0.08500,56.14,-89.00,-0.3267,0.0000,0.3267,0.0,1.000,18.47,128.0,-0.0,power
0.044,0.0476,0.11887,-0.08500,55.47,-89.00,-0.3412,-0.0000,0.3422,0.0,1.000,18.47,139.7,0.0,power
0.046,0.0498,0.11818,-0.08500,54.78,-89.00,-0.3490,0.0000,0.3500,0.0,1.000,18.47,146.1,-0.0,power
0.048,0.0519,0.11748,-0.08500,54.08,-89.00,-0.3500,0.0000,0.3500,0.0,1.000,18.47,146.9,-0.0,power
0.050,0.0541,0.11678,-0.08500,53.38,-89.00,-0.3500,0.0000,0.3500,0.0,1.000,18.47,146.9,-0.0,power
0.052,0.0563,0.11608,-0.08500,52.68,-89.00,-0.3500,0.0000,0.3500,0.0,1.000,18.47,146.9,-0.0,power
0.054,0.0584,0.11538,-0.08500,51.98,-89.00,-0.3500,-0.0000,0.3500,0.0,1.000,18.47,146.9,0.0,power
0.056,0.0606,0.11468,-0.08500,51.28,-89.00,-0.3500,0.0000,0.3500,0.0,1.000,18.47,146.9,-0.0,power
0.058,0.0627,0.11398,-0.08500,50.58,-89.00,-0.3500,0.0000,0.3500,0.0,1.000,18.47,146.9,-0.0,power
0.060,0.0649,0.11328,-0.08500,49.88,-89.00,-0.3500,-0.0000,0.3500,0.0,1.000,18.47,146.9,0.0,power
0.062,0.0671,0.11258,-0.08500,49.18,-89.00,-0.3500,0.0000,0.3500,0.0,1.000,18.47,146.9,-0.0,power
0.064,0.0692,0.11188,-0.08500,48.48,-89.00,-0.3500,0.0000,0.3500,0.0,1.000,18.47,146.9,-0.0,power
0.066,0.0714,0.11118,-0.08500,47.78,-89.00,-0.3500,0.0000,0.3500,0.0,1.000,18.47,146.9,-0.0,power
0.068,0.0736,0.11048,-0.08500,47.08,-89.00,-0.3500,0.0000,0.3500,0.0,1.000,18.47,146.9,-0.0,power
0.070,0.0757,0.10978,-0.08500,46.38,-89.00,-0.3500,0.0000,0.3500,0.0,1.000,18.47,146.9,-0.0,power
0.072,0.0779,0.10908,-0.08500,45.68,-89.00,-0.3500,0.0000,0.3500,0.0,1.000,18.47,146.9,-0.0,power
0.074,0.0801,0.10838,-0.08500,44.98,-89.00,-0.3500,0.0000,0.3500,0.0,1.000,18.47,146.9,-0.0,power
0.076,0.0822,0.10768,-0.08500,44.28,-89.00,-0.3500,0.0000,0.3500,0.0,1.000,18.47,146.9,-0.0,power
0.078,0.0844,0.10698,-0.08500,43.58,-89.00,-0.3500,0.0000,0.3500,0.0,1.000,18.47,146.9,-0.0,power
0.080,0.0865,0.10628,-0.08500,42.88,-89.00,-0.3500,0.0000,0.3500,0.0,1.000,18.47,146.9,-0.0,power
0.082,0.0887,0.10558,-0.08500,42.18,-89.00,-0.3500,0.0000,0.3500,0.0,1.000,18.47,146.9,-0.0,power
0.084,0.0909,0.10488,-0.08500,41.48,-89.00,-0.3500,0.0000,0.3500,0.0,1.000,18.47,146.9,-0.0,power
0.086,0.0930,0.10418,-0.08500,40.78,-89.00,-0.3500,0.0000,0.3500,0.0,1.000,18.47,146.9,-0.0,power
0.088,0.0952,0.10348,-0.08500,40.08,-89.00,-0.3500,0.0000,0.3500,0.0,1.000,18.47,146.9,-0.0,power
0.090,0.0974,0.10278,-0.08500,39.38,-89.00,-0.3500,0.0000,0.3500,0.0,1.000,18.47,146.9,-0.0,power
0.092,0.0995,0.10208,-0.08500,38.68,-89.00,-0.3500,0.0000,0.3500,0.0,1.000,18.47,146.9,-0.0,power
0.094,0.1017,0.10138,-0.08500,37.98,-89.00,-0.3500,0.0000,0.3500,0.0,1.000,18.47,146.9,-0.0,power
0.096,0.1039,0.10068,-0.08500,37.28,-89.00,-0.3500,0.0000,0.3500,0.0,1.000,18.47,146.9,-0.0,power
0.098,0.1060,0.09998,-0.08500,36.58,-89.00,-0.3500,0.0000,0.3500,0.0,1.000,18.47,146.9,-0.0,power
0.100,0.1082,0.09928,-0.08500,35.88,-89.00,-0.3500,0.0000,0.3500,0.0,1.000,18.47,146.9,-0.0,power
0.102,0.1103,0.09858,-0.08500,35.18,-89.00,-0.3500,0.0000,0.3500,0.0,1.000,18.47,146.9,-0.0,power
0.104,0.1125,0.09788,-0.08500,34.48,-89.00,-0.3500,0.0000,0.3500,0.0,1.000,18.47,146.9,-0.0,power
0.106,0.1147,0.09718,-0.08500,33.78,-89.00,-0.3500,0.0000,0.3500,0.0,1.000,18.47,146.9,-0.0,power
0.108,0.1168,0.09648,-0.08500,33.08,-89.00,-0.3500,0.0000,0.3500,0.0,1.000,18.47,146.9,-0.0,power
0.110,0.1190,0.09578,-0.08500,32.38,-89.00,-0.3500,0.0000,0.3500,0.0,1.000,18.47,146.9,-0.0,power
0.112,0.1212,0.09508,-0.08500,31.68,-89.00,-0.3500,0.0000,0.3500,0.0,1.000,18.47,146.9,-0.0,power
0.114,0.1233,0.09438,-0.08500,30.98,-89.00,-0.3500,0.0000,0.3500,0.0,1.000,18.47,146.9,-0.0,power
0.116,0.1255,0.09368,-0.08500,30.28,-89.00,-0.3500,0.0000,0.3500,0.0,1.000,18.47,146.9,-0.0,power
0.118,0.1276,0.09298,-0.08500,29.58,-89.00,-0.3500,0.0000,0.3500,0.0,1.000,18.47,146.9,-0.0,power
0.120,0.1298,0.09228,-0.08500,28.88,-89.00,-0.3500,0.0000,0.3500,0.0,1.000,18.47,146.9,-0.0,power
0.122,0.1320,0.09158,-0.08500,28.18,-89.00,-0.3500,0.0000,0.3500,0.0,1.000,18.47,146.9,-0.0,power
0.124,0.1341,0.09088,-0.08500,27.48,-89.00,-0.3500,0.0000,0.3500,0.0,1.000,18.47,146.9,-0.0,power
0.126,0.1363,0.09018,-0.08500,26.78,-89.00,-0.3500,0.0000,0.3500,0.0,1.000,18.47,146.9,-0.0,power
0.128,0.1385,0.08948,-0.08500,26.08,-89.00,-0.3500,0.0000,0.3500,0.0,1.000,18.47,146.9,-0.0,power
0.130,0.1406,0.08878,-0.08500,25.38,-89.00,-0.3500,0.0000,0.3500,0.0,1.000,18.47,146.9,-0.0,power
0.132,0.1428,0.08808,-0.08500,24.68,-89.00,-0.3500,0.0000,0.3500,0.0,1.000,18.47,146.9,-0.0,power
0.134,0.1450,0.08738,-0.08500,23.98,-89.00,-0.3500,0.0000,0.3500,0.0,1.000,18.47,146.9,-0.0,power
0.136,0.1471,0.08668,-0.08500,23.28,-89.00,-0.3500,0.0000,0.3500,0.0,1.000,18.47,146.9,-0.0,power
0.138,0.1493,0.08598,-0.08500,22.58,-89.00,-0.3500,0.0000,0.3500,0.0,1.000,18.47,146.9,-0.0,power
0.140,0.1514,0.08528,-0.08500,21.88,-89.00,-0.3500,0.0000,0.3500,0.0,1.000,18.47,146.9,-0.0,power
0.142,0.1536,0.08458,-0.08500,21.18,-89.00,-0.3500,0.0000,0.3500,0.0,1.000,18.47,146.9,-0.0,power
0.144,0.1558,0.08388,-0.08500,20.48,-89.00,-0.3500,0.0000,0.3500,0.0,1.000,18.47,146.9,-0.0,power
0.146,0.1579,0.08318,-0.08500,19.78,-89.00,-0.3500,0.0000,0.3500,0.0,1.000,18.47,146.9,-0.0,power
0.148,0.1601,0.08248,-0.08500,19.08,-89.00,-0.3500,0.0000,0.3500,0.0,1.000,18.47,146.9,-0.0,power
0.150,0.1623,0.08178,-0.08500,18.38,-89.00,-0.3500,0.0000,0.3500,0.0,1.000,18.47,146.9,-0.0,power
0.152,0.1644,0.08108,-0.08500,17.68,-89.00,-0.3500,0.0000,0.3500,0.0,1.000,18.47,146.9,-0.0,power
0.154,0.1666,0.08038,-0.08500,16.98,-89.00,-0.3500,0.0000,0.3500,0.0,1.000,18.47,146.9,-0.0,power
0.156,0.1688,0.07968,-0.08500,16.28,-89.00,-0.3500,0.0000,0.3500,0.0,1.000,18.47,146.9,-0.0,power
0.158,0.1709,0.07898,-0.08500,15.58,-89.00,-0.3500,0.0000,0.3500,0.0,1.000,18.47,146.9,-0.0,power
0.160,0.1731,0.07828,-0.08500,14.88,-89.00,-0.3500,0.0000,0.3500,0.0,1.000,18.47,146.9,-0.0,power
0.162,0.1752,0.07758,-0.08500,14.18,-89.00,-0.3500,0.0000,0.3500,0.0,1.000,18.47,146.9,-0.0,power
0.164,0.1774,0.07688,-0.08500,13.48,-89.00,-0.3500,0.0000,0.3500,0.0,1.000,18.47,146.9,-0.0,power
0.166,0.1796,0.07618,-0.08500,12.78,-89.00,-0.3500,0.0000,0.3500,0.0,1.000,18.47,146.9,-0.0,power
0.168,0.1817,0.07548,-0.08500,12.08,-89.00,-0.3500,0.0000,0.3500,0.0,1.000,18.47,146.9,-0.0,power
0.170,0.1839,0.07478,-0.08500,11.38,-89.00,-0.3500,0.0000,0.3500,0.0,1.000,18.47,146.9,-0.0,power
0.172,0.1861,0.07408,-0.08500,10.68,-89.00,-0.3500,0.0000,0.3500,0.0,1.000,18.47,146.9,-0.0,power
0.174,0.1882,0.07338,-0.08500,9.98,-89.00,-0.3500,0.0000,0.3500,0.0,1.000,18.47,146.9,-0.0,power
0.176,0.1904,0.07268,-0.08500,9.28,-89.00,-0.3500,0.0000,0.3500,0.0,1.000,18.47,146.9,-0.0,power
0.178,0.1926,0.07198,-0.08500,8.58,-89.00,-0.3500,0.0000,0.3500,0.0,1.000,18.47,146.9,-0.0,power
0.180,0.1947,0.07128,-0.08500,7.88,-89.00,-0.3500,0.0000,0.3500,0.0,1.000,18.47,146.9,-0.0,power
0.182,0.1969,0.07058,-0.08500,7.18,-89.00,-0.3500,0.0000,0.3500,0.0,1.000,18.47,146.9,-0.0,power
0.184,0.1990,0.06988,-0.08500,6.48,-89.00,-0.3500,0.0000,0.3500,0.0,1.000,18.47,146.9,-0.0,power
0.186,0.2012,0.06918,-0.08500,5.78,-89.00,-0.3500,0.0000,0.3500,0.0,1.000,18.47,146.9,-0.0,power
0.188,0.2034,0.06848,-0.08500,5.08,-89.00,-0.3500,0.0000,0.3500,0.0,1.000,18.47,146.9,-0.0,power
0.190,0.2055,0.06778,-0.08500,4.38,-89.00,-0.3500,0.0000,0.3500,0.0,1.000,18.47,146.9,-0.0,power
0.192,0.2077,0.06708,-0.08500,3.68,-89.00,-0.3500,0.0000,0.3500,0.0,1.000,18.47,146.9,-0.0,power
0.194,0.2099,0.06638,-0.08500,2.98,-89.00,-0.3500,0.0000,0.3500,0.0,1.000,18.47,146.9,-0.0,power
0.196,0.2120,0.06568,-0.08500,2.28,-89.00,-0.3500,0.0000,0.3500,0.0,1.000,18.47,146.9,-0.0,power
0.198,0.2142,0.06498,-0.08500,1.58,-89.00,-0.3500,0.0000,0.3500,0.0,1.000,18.47,146.9,-0.0,power
0.200,0.2164,0.06427,-0.08500,0.88,-89.00,-0.3500,0.0000,0.3500,0.0,1.000,18.47,146.9,-0.0,power
0.202,0.2185,0.06358,-0.08500,0.18,-89.00,-0.3500,0.0000,0.3500,0.0,1.000,18.47,146.9,-0.0,power
0.204,0.2207,0.06288,-0.08500,-0.52,-89.00,-0.3500,0.0000,0.3500,0.0,1.000,18.47,146.9,-0.0,power
0.206,0.2228,0.06218,-0.08500,-1.22,-89.00,-0.3500,0.0000,0.3500,0.0,1.000,18.47,146.9,-0.0,power
0.208,0.2250,0.06148,-0.08500,-1.92,-89.00,-0.3500,0.0000,0.3500,0.0,1.000,18.47,146.9,-0.0,power
0.210,0.2272,0.06078,-0.08500,-2.62,-89.00,-0.3500,0.0000,0.3500,0.0,1.000,18.47,146.9,-0.0,power
0.212,0.2293,0.06008,-0.08500,-3.32,-89.00,-0.3500,0.0000,0.3500,0.0,1.000,18.47,146.9,-0.0,power
0.214,0.2315,0.05938,-0.08500,-4.02,-89.00,-0.3500,0.0000,0.3500,0.0,1.000,18.47,146.9,-0.0,power
0.216,0.2337,0.05868,-0.08500,-4.72,-89.00,-0.3500,0.0000,0.3500,0.0,1.000,18.47,146.9,-0.0,power
0.218,0.2358,0.05798,-0.08500,-5.42,-89.00,-0.3500,0.0000,0.3500,0.0,1.000,18.47,146.9,-0.0,power
0.220,0.2380,0.05728,-0.08500,-6.12,-89.00,-0.3500,0.0000,0.3500,0.0,1.000,18.47,146.9,-0.0,power
0.222,0.2402,0.05658,-0.08500,-6.82,-89.00,-0.3500,0.0000,0.3500,0.0,1.000,18.47,146.9,-0.0,power
0.224,0.2423,0.05588,-0.08500,-7.52,-89.00,-0.3500,0.0000,0.3500,0.0,1.000,18.47,146.9,-0.0,power
0.226,0.2445,0.05518,-0.08500,-8.22,-89.00,-0.3500,0.0000,0.3500,0.0,1.000,18.47,146.9,-0.0,power
0.228,0.2466,0.05448,-0.08500,-8.92,-89.00,-0.3500,0.0000,0.3500,0.0,1.000,18.47,146.9,-0.0,power
0.230,0.2488,0.05378,-0.08500,-9.62,-89.00,-0.3500,0.0000,0.3500,0.0,1.000,18.47,146.9,-0.0,power
0.232,0.2510,0.05308,-0.08500,-10.32,-89.00,-0.3500,0.0000,0.3500,0.0,1.000,18.47,146.9,-0.0,power
0.234,0.2531,0.05238,-0.08500,-11.02,-89.00,-0.3500,0.0000,0.3500,0.0,1.000,18.47,146.9,-0.0,power
0.236,0.2553,0.05168,-0.08500,-11.72,-89.00,-0.3500,0.0000,0.3500,0.0,1.000,18.47,146.9,-0.0,power
0.238,0.2575,0.05098,-0.08500,-12.42,-89.00,-0.3500,0.0000,0.3500,0.0,1.000,18.47,146.9,-0.0,power
0.240,0.2596,0.05028,-0.08500,-13.12,-89.00,-0.3500,0.0000,0.3500,0.0,1.000,18.47,146.9,-0.0,power
0.242,0.2618,0.04958,-0.08500,-13.82,-89.00,-0.3500,0.0000,0.3500,0.0,1.000,18.47,146.9,-0.0,power
0.244,0.2640,0.04888,-0.08500,-14.52,-89.00,-0.3500,0.0000,0.3500,0.0,1.000,18.47,146.9,-0.0,power
0.246,0.2661,0.04818,-0.08500,-15.22,-89.00,-0.3500,0.0000,0.3500,0.0,1.000,18.47,146.9,-0.0,power
0.248,0.2683,0.04748,-0.08500,-15.92,-89.00,-0.3500,0.0000,0.3500,0.0,1.000,18.47,146.9,-0.0,power
0.250,0.2704,0.04678,-0.08500,-16.62,-89.00,-0.3500,0.0000,0.3500,0.0,1.000,18.47,146.9,-0.0,power
0.252,0.2726,0.04608,-0.08500,-17.32,-89.00,-0.3500,0.0000,0.3500,0.0,1.000,18.47,146.9,-0.0,power
0.254,0.2748,0.04537,-0.08500,-18.02,-89.00,-0.3500,0.0000,0.3500,0.0,1.000,18.47,146.9,-0.0,power
0.256,0.2769,0.04468,-0.08500,-18.72,-89.00,-0.3500,0.0000,0.3500,0.0,1.000,18.47,146.9,-0.0,power
0.258,0.2791,0.04398,-0.08500,-19.42,-89.00,-0.3500,0.0000,0.3500,0.0,1.000,18.47,146.9,-0.0,power
0.260,0.2813,0.04328,-0.08500,-20.12,-89.00,-0.3500,0.0000,0.3500,0.0,1.000,18.47,146.9,-0.0,power
0.262,0.2834,0.04258,-0.08500,-20.82,-89.00,-0.3500,0.0000,0.3500,0.0,1.000,18.47,146.9,-0.0,power
0.264,0.2856,0.04187,-0.08500,-21.53,-89.00,-0.3500,0.0000,0.3500,0.0,1.000,18.47,146.9,-0.0,power
0.266,0.2878,0.04118,-0.08500,-22.22,-89.00,-0.3500,0.0000,0.3500,0.0,1.000,18.47,146.9,-0.0,power
0.268,0.2899,0.04048,-0.08500,-22.92,-89.00,-0.3500,0.0000,0.3500,0.0,1.000,18.47,146.9,-0.0,power
0.270,0.2921,0.03978,-0.08500,-23.62,-89.00,-0.3500,0.0000,0.3500,0.0,1.000,18.47,146.9,-0.0,power
0.272,0.2942,0.03907,-0.08500,-24.32,-89.00,-0.3500,0.0000,0.3500,0.0,1.000,18.47,146.9,-0.0,power
0.274,0.2964,0.03837,-0.08500,-25.03,-89.00,-0.3500,0.0000,0.3500,0.0,1.000,18.47,146.9,-0.0,power
0.276,0.2986,0.03768,-0.08500,-25.72,-89.00,-0.3500,0.0000,0.3500,0.0,1.000,18.47,146.9,-0.0,power
0.278,0.3007,0.03698,-0.08500,-26.42,-89.00,-0.3500,0.0000,0.3500,0.0,1.000,18.47,146.9,-0.0,power
0.280,0.3029,0.03628,-0.08500,-27.12,-89.00,-0.3500,0.0000,0.3500,0.0,1.000,18.47,146.9,-0.0,power
0.282,0.3051,0.03557,-0.08500,-27.83,-89.00,-0.3500,0.0000,0.3500,0.0,1.000,18.47,146.9,-0.0,power
0.284,0.3072,0.03487,-0.08500,-28.53,-89.00,-0.3500,0.0000,0.3500,0.0,1.000,18.47,146.9,-0.0,power
0.286,0.3094,0.03418,-0.08500,-29.22,-89.00,-0.3500,0.0000,0.3500,0.0,1.000,18.47,146.9,-0.0,power
0.288,0.3116,0.03348,-0.08500,-29.92,-89.00,-0.3500,0.0000,0.3500,0.0,1.000,18.47,146.9,-0.0,power
0.290,0.3137,0.03278,-0.08500,-30.62,-89.00,-0.3500,0.0000,0.3500,0.0,1.000,18.47,146.9,-0.0,power
0.292,0.3159,0.03208,-0.08500,-31.32,-89.00,-0.3500,0.0000,0.3500,0.0,1.000,18.47,146.9,-0.0,power
0.294,0.3180,0.03138,-0.08500,-32.02,-89.00,-0.3500,0.0000,0.3500,0.0,1.000,18.47,146.9,-0.0,power
0.296,0.3202,0.03068,-0.08500,-32.72,-89.00,-0.3500,0.0000,0.3500,0.0,1.000,18.47,146.9,-0.0,power
0.298,0.3224,0.02998,-0.08500,-33.42,-89.00,-0.3500,0.0000,0.3500,0.0,1.000,18.47,146.9,-0.0,power
0.300,0.3245,0.02928,-0.08500,-34.12,-89.00,-0.3500,0.0000,0.3500,0.0,1.000,18.47,146.9,-0.0,power
0.302,0.3267,0.02858,-0.08500,-34.82,-89.00,-0.3500,0.0000,0.3500,0.0,1.000,18.47,146.9,-0.0,power
0.304,0.3289,0.02788,-0.08500,-35.52,-89.00,-0.3500,0.0000,0.3500,0.0,1.000,18.47,146.9,-0.0,power
0.306,0.3310,0.02718,-0.08500,-36.22,-89.00,-0.3500,0.0000,0.3500,0.0,1.000,18.47,146.9,-0.0,power
0.308,0.3332,0.02648,-0.08500,-36.92,-89.00,-0.3500,0.0000,0.3500,0.0,1.000,18.47,146.9,-0.0,power
0.310,0.3354,0.02578,-0.08500,-37.62,-89.00,-0.3500,0.0000,0.3500,0.0,1.000,18.47,146.9,-0.0,power
0.312,0.3375,0.02508,-0.08500,-38.32,-89.00,-0.3500,0.0000,0.3500,0.0,1.000,18.47,146.9,-0.0,power
0.314,0.3397,0.02438,-0.08500,-39.02,-89.00,-0.3500,0.0000,0.3500,0.0,1.000,18.47,146.9,-0.0,power
0.316,0.3418,0.02368,-0.08500,-39.72,-89.00,-0.3500,0.0000,0.3500,0.0,1.000,18.47,146.9,-0.0,power
0.318,0.3440,0.02298,-0.08500,-40.42,-89.00,-0.3500,0.0000,0.3500,0.0,1.000,18.47,146.9,-0.0,power
0.320,0.3462,0.02228,-0.08500,-41.12,-89.00,-0.3500,0.0000,0.3500,0.0,1.000,18.47,146.9,-0.0,power
0.322,0.3483,0.02158,-0.08500,-41.82,-89.00,-0.3500,0.0000,0.3500,0.0,1.000,18.47,146.9,-0.0,power
0.324,0.3505,0.02088,-0.08500,-42.52,-89.00,-0.3500,0.0000,0.3500,0.0,1.000,18.47,146.9,-0.0,power
0.326,0.3527,0.02017,-0.08500,-43.23,-89.00,-0.3500,0.0000,0.3500,0.0,1.000,18.47,146.9,-0.0,power
0.328,0.3548,0.01948,-0.08500,-43.92,-89.00,-0.3500,0.0000,0.3500,0.0,1.000,18.47,146.9,-0.0,power
0.330,0.3570,0.01878,-0.08500,-44.62,-89.00,-0.3500,0.0000,0.3500,0.0,1.000,18.47,146.9,-0.0,power
0.332,0.3592,0.01808,-0.08500,-45.32,-89.00,-0.3500,0.0000,0.3500,0.0,1.000,18.47,146.9,-0.0,power
0.334,0.3613,0.01738,-0.08500,-46.02,-89.00,-0.3500,0.0000,0.3500,0.0,1.000,18.47,146.9,-0.0,power
0.336,0.3635,0.01667,-0.08500,-46.73,-89.00,-0.3500,0.0000,0.3500,0.0,1.000,18.47,146.9,-0.0,power
0.338,0.3656,0.01598,-0.08500,-47.42,-89.00,-0.3500,0.0000,0.3500,0.0,1.000,18.47,146.9,-0.0,power
0.340,0.3678,0.01528,-0.08500,-48.12,-89.00,-0.3500,0.0000,0.3500,0.0,1.000,18.47,146.9,-0.0,power
0.342,0.3700,0.01458,-0.08500,-48.82,-89.00,-0.3500,0.0000,0.3500,0.0,1.000,18.47,146.9,-0.0,power
0.344,0.3721,0.01387,-0.08500,-49.52,-89.00,-0.3500,0.0000,0.3500,0.0,1.000,18.47,146.9,-0.0,power
0.346,0.3743,0.01317,-0.08500,-50.23,-89.00,-0.3500,0.0000,0.3500,0.0,1.000,18.47,146.9,-0.0,power
0.348,0.3765,0.01248,-0.08500,-50.92,-89.00,-0.3500,0.0000,0.3500,0.0,1.000,18.47,146.9,-0.0,power
0.350,0.3786,0.01178,-0.08500,-51.62,-89.00,-0.3500,0.0000,0.3500,0.0,1.000,18.47,146.9,-0.0,power
0.352,0.3808,0.01108,-0.08500,-52.32,-89.00,-0.3500,0.0000,0.3500,0.0,1.000,18.47,146.9,-0.0,power
0.354,0.3829,0.01038,-0.08500,-53.02,-89.00,-0.3500,0.0000,0.3500,0.0,1.000,18.47,146.9,-0.0,power
0.356,0.3851,0.00968,-0.08500,-53.72,-89.00,-0.3500,0.0000,0.3500,0.0,1.000,18.47,146.9,-0.0,power
0.358,0.3873,0.00898,-0.08500,-54.42,-89.00,-0.3500,0.0000,0.3500,0.0,1.000,18.47,146.9,-0.0,power
0.360,0.3894,0.00828,-0.08500,-55.12,-89.00,-0.3461,0.0000,0.3500,0.0,1.000,18.47,143.7,-0.0,power
0.362,0.3916,0.00759,-0.08500,-55.81,-89.00,-0.3344,0.0000,0.3344,0.0,0.967,17.94,129.9,-0.0,power
0.364,0.3938,0.00694,-0.08500,-56.46,-89.00,-0.3189,0.0000,0.3189,0.0,0.933,17.40,114.3,-0.0,power
0.366,0.3959,0.00632,-0.08500,-57.08,-89.00,-0.3033,0.0000,0.3033,0.0,0.900,16.86,99.9,-0.0,power
0.368,0.3981,0.00572,-0.08500,-57.68,-89.00,-0.2878,0.0000,0.2878,0.0,0.867,16.32,86.9,-0.0,power
0.370,0.4003,0.00516,-0.08500,-58.24,-89.00,-0.2722,0.0000,0.2722,0.0,0.833,15.79,75.0,-0.0,power
0.372,0.4024,0.00464,-0.08500,-58.76,-89.00,-0.2567,0.0000,0.2567,0.0,0.800,15.25,64.2,-0.0,power
0.374,0.4046,0.00414,-0.08500,-59.26,-89.00,-0.2411,0.0000,0.2411,0.0,0.767,14.71,54.5,-0.0,power
0.376,0.4067,0.00367,-0.08500,-59.73,-89.00,-0.2256,0.0000,0.2256,0.0,0.733,14.17,45.9,-0.0,power
0.378,0.4089,0.00324,-0.08500,-60.16,-89.00,-0.2100,0.0000,0.2100,0.0,0.700,13.64,38.1,-0.0,power
0.380,0.4111,0.00283,-0.08500,-60.57,-89.00,-0.1944,0.0000,0.1944,0.0,0.667,13.10,31.3,-0.0,power
0.382,0.4132,0.00246,-0.08500,-60.94,-89.00,-0.1789,0.0000,0.1789,0.0,0.633,12.56,25.4,-0.0,power
0.384,0.4154,0.00212,-0.08500,-61.28,-89.00,-0.1633,0.0000,0.1633,0.0,0.600,12.02,20.2,-0.0,power
0.386,0.4176,0.00180,-0.08500,-61.60,-89.00,-0.1478,0.0000,0.1478,0.0,0.567,11.49,15.7,-0.0,power
0.388,0.4197,0.00152,-0.08500,-61.88,-89.00,-0.1322,0.0000,0.1322,0.0,0.533,10.95,12.0,-0.0,power
0.390,0.4219,0.00128,-0.08500,-62.12,-89.00,-0.1167,0.0000,0.1167,0.0,0.500,10.41,8.8,-0.0,power
0.392,0.4241,0.00106,-0.08500,-62.34,-89.00,-0.1011,0.0000,0.1011,0.0,0.467,9.87,6.3,-0.0,power
0.394,0.4262,0.00087,-0.08500,-62.53,-89.00,-0.0856,0.0000,0.0856,0.0,0.433,9.34,4.2,-0.0,power
0.396,0.4284,0.00072,-0.08500,-62.68,-89.00,-0.0700,0.0000,0.0700,0.0,0.400,8.80,2.7,-0.0,power
0.398,0.4305,0.00059,-0.08500,-62.81,-89.00,-0.0544,0.0000,0.0544,0.0,0.367,8.26,1.5,-0.0,power
0.400,0.4327,0.00050,-0.08500,-62.90,-89.00,-0.0389,0.0000,0.0389,0.0,0.333,7.73,0.7,-0.0,power
0.402,0.4349,0.00044,-0.08500,-62.96,-89.00,-0.0233,0.0000,0.0233,0.0,0.300,7.19,0.2,-0.0,power
0.404,0.4370,0.00040,-0.08500,-63.00,-89.00,-0.0088,0.0000,0.0078,0.0,0.267,6.65,0.0,-0.0,power
0.406,0.4392,0.00040,-0.08500,-63.00,-89.00,-0.0010,0.0000,0.0000,0.0,0.233,6.11,0.0,-0.0,pause
0.408,0.4414,0.00040,-0.08500,-63.00,-89.00,0.0000,0.0000,0.0000,0.0,0.200,5.58,-0.0,0.0,pause
0.410,0.4435,0.00040,-0.08500,-63.00,-89.00,0.0000,0.0000,0.0000,0.0,0.167,5.04,-0.0,0.0,pause
0.412,0.4457,0.00040,-0.08500,-63.00,-89.00,0.0000,0.0000,0.0000,0.0,0.133,4.50,-0.0,0.0,pause
0.414,0.4479,0.00040,-0.08500,-63.00,-89.00,0.0000,0.0000,0.0000,0.0,0.100,3.96,-0.0,0.0,pause
0.416,0.4500,0.00040,-0.08500,-63.00,-89.00,-0.0000,0.0000,0.0000,0.0,0.067,3.43,0.0,-0.0,pause
0.418,0.4522,0.00040,-0.08500,-63.00,-89.00,0.0000,0.0000,0.0000,0.0,0.033,2.89,-0.0,0.0,pause
0.420,0.4543,0.00040,-0.08500,-63.00,-89.00,0.0000,0.0000,0.0000,0.0,0.000,2.35,-0.0,0.0,pause
0.422,0.4565,0.00040,-0.08500,-63.00,-89.00,0.0000,0.0000,0.0000,0.0,0.000,2.35,-0.0,0.0,pause
0.424,0.4587,0.00040,-0.08500,-63.00,-89.00,0.0000,0.0000,0.0000,0.0,0.000,2.35,-0.0,0.0,pause
0.426,0.4608,0.00040,-0.08500,-63.00,-89.00,0.0000,0.0000,0.0000,0.0,0.000,2.35,-0.0,0.0,pause
0.428,0.4630,0.00040,-0.08500,-63.00,-89.00,0.0000,0.0000,0.0000,0.0,0.000,2.35,-0.0,0.0,pause
0.430,0.4652,0.00040,-0.08500,-63.00,-89.00,0.0000,0.0000,0.0000,0.0,0.000,2.35,-0.0,0.0,pause
0.432,0.4673,0.00040,-0.08500,-63.00,-89.00,0.0000,0.0000,0.0000,0.0,0.000,2.35,-0.0,0.0,pause
0.434,0.4695,0.00040,-0.08500,-63.00,-89.00,0.0005,0.0008,0.0000,0.0,0.000,2.35,-0.0,-0.0,pause
0.436,0.4717,0.00040,-0.08500,-63.00,-89.00,0.0049,0.0073,0.0078,0.0,0.000,2.35,-0.0,-0.0,recovery
0.438,0.4738,0.00042,-0.08497,-62.98,-88.97,0.0129,0.0194,0.0233,0.0,0.000,2.35,-0.0,-0.0,recovery
0.440,0.4760,0.00045,-0.08492,-62.95,-88.92,0.0216,0.0324,0.0389,0.0,0.000,2.35,-0.1,-0.0,recovery
0.442,0.4781,0.00051,-0.08484,-62.89,-88.84,0.0302,0.0453,0.0544,0.0,0.000,2.35,-0.1,-0.1,recovery
0.444,0.4803,0.00057,-0.08474,-62.83,-88.74,0.0388,0.0582,0.0700,0.0,0.000,2.35,-0.2,-0.1,recovery
0.446,0.4825,0.00066,-0.08461,-62.74,-88.61,0.0475,0.0712,0.0856,0.0,0.000,2.35,-0.3,-0.2,recovery
0.448,0.4846,0.00076,-0.08445,-62.64,-88.45,0.0561,0.0841,0.1011,0.0,0.000,2.35,-0.4,-0.2,recovery
0.450,0.4868,0.00089,-0.08427,-62.51,-88.27,0.0647,0.0971,0.1167,0.0,0.000,2.35,-0.6,-0.3,recovery
0.452,0.4890,0.00102,-0.08406,-62.38,-88.06,0.0733,0.1100,0.1322,0.0,0.000,2.35,-0.8,-0.4,recovery
0.454,0.4911,0.00118,-0.08383,-62.22,-87.83,0.0820,0.1230,0.1478,0.0,0.000,2.35,-0.9,-0.5,recovery
0.456,0.4933,0.00135,-0.08357,-62.05,-87.57,0.0906,0.1359,0.1633,0.0,0.000,2.35,-1.2,-0.6,recovery
0.458,0.4955,0.00154,-0.08329,-61.86,-87.29,0.0992,0.1488,0.1789,0.0,0.000,2.35,-1.4,-0.7,recovery
0.460,0.4976,0.00175,-0.08298,-61.65,-86.98,0.1079,0.1618,0.1944,0.0,0.000,2.35,-1.6,-0.9,recovery
0.462,0.4998,0.00197,-0.08264,-61.43,-86.64,0.1165,0.1747,0.2100,0.0,0.000,2.35,-1.9,-1.0,recovery
0.464,0.5019,0.00221,-0.08228,-61.19,-86.28,0.1251,0.1877,0.2256,0.0,0.000,2.35,-2.2,-1.2,recovery
0.466,0.5041,0.00247,-0.08189,-60.93,-85.89,0.1337,0.2006,0.2411,0.0,0.000,2.35,-2.5,-1.4,recovery
0.468,0.5063,0.00275,-0.08148,-60.65,-85.48,0.1424,0.2136,0.2567,0.0,0.000,2.35,-2.9,-1.5,recovery
0.470,0.5084,0.00304,-0.08104,-60.36,-85.04,0.1510,0.2265,0.2722,0.0,0.000,2.35,-3.2,-1.7,recovery
0.472,0.5106,0.00335,-0.08057,-60.05,-84.57,0.1596,0.2394,0.2878,0.0,0.000,2.35,-3.6,-1.9,recovery
0.474,0.5128,0.00368,-0.08008,-59.72,-84.08,0.1683,0.2524,0.3033,0.0,0.000,2.35,-4.0,-2.1,recovery
0.476,0.5149,0.00403,-0.07956,-59.37,-83.56,0.1769,0.2653,0.3189,0.0,0.000,2.35,-4.4,-2.4,recovery
0.478,0.5171,0.00439,-0.07902,-59.01,-83.02,0.1855,0.2783,0.3344,0.0,0.000,2.35,-4.9,-2.6,recovery
0.480,0.5193,0.00477,-0.07845,-58.63,-82.45,0.1920,0.2880,0.3500,0.0,0.000,2.35,-5.2,-2.8,recovery
0.482,0.5214,0.00516,-0.07787,-58.24,-81.87,0.1941,0.2912,0.3500,0.0,0.000,2.35,-5.3,-2.8,recovery
0.484,0.5236,0.00554,-0.07728,-57.86,-81.28,0.1941,0.2912,0.3500,0.0,0.000,2.35,-5.3,-2.8,recovery
0.486,0.5257,0.00593,-0.07670,-57.47,-80.70,0.1941,0.2912,0.3500,0.0,0.000,2.35,-5.3,-2.8,recovery
0.488,0.5279,0.00632,-0.07612,-57.08,-80.12,0.1941,0.2912,0.3500,0.0,0.000,2.35,-5.3,-2.8,recovery
0.490,0.5301,0.00671,-0.07554,-56.69,-79.54,0.1941,0.2912,0.3500,0.0,0.000,2.35,-5.3,-2.8,recovery
0.492,0.5322,0.00710,-0.07495,-56.30,-78.95,0.1941,0.2912,0.3500,0.0,0.000,2.35,-5.3,-2.8,recovery
0.494,0.5344,0.00749,-0.07437,-55.91,-78.37,0.1941,0.2912,0.3500,0.0,0.000,2.35,-5.3,-2.8,recovery
0.496,0.5366,0.00787,-0.07379,-55.53,-77.79,0.1941,0.2912,0.3500,0.0,0.000,2.35,-5.3,-2.8,recovery
0.498,0.5387,0.00826,-0.07321,-55.14,-77.21,0.1941,0.2912,0.3500,0.0,0.000,2.35,-5.3,-2.8,recovery
0.500,0.5409,0.00865,-0.07262,-54.75,-76.62,0.1941,0.2912,0.3500,0.0,0.000,2.35,-5.3,-2.8,recovery
0.502,0.5431,0.00904,-0.07204,-54.36,-76.04,0.1941,0.2912,0.3500,0.0,0.000,2.35,-5.3,-2.8,recovery
0.504,0.5452,0.00943,-0.07146,-53.97,-75.46,0.1941,0.2912,0.3500,0.0,0.000,2.35,-5.3,-2.8,recovery
0.506,0.5474,0.00982,-0.07088,-53.58,-74.88,0.1941,0.2912,0.3500,0.0,0.000,2.35,-5.3,-2.8,recovery
0.508,0.5495,0.01020,-0.07029,-53.20,-74.29,0.1941,0.2912,0.3500,0.0,0.000,2.35,-5.3,-2.8,recovery
0.510,0.5517,0.01059,-0.06971,-52.81,-73.71,0.1941,0.2912,0.3500,0.0,0.000,2.35,-5.3,-2.8,recovery
0.512,0.5539,0.01098,-0.06913,-52.42,-73.13,0.1941,0.2912,0.3500,0.0,0.000,2.35,-5.3,-2.8,recovery
0.514,0.5560,0.01137,-0.06855,-52.03,-72.55,0.1941,0.2912,0.3500,0.0,0.000,2.35,-5.3,-2.8,recovery
0.516,0.5582,0.01176,-0.06796,-51.64,-71.96,0.1941,0.2912,0.3500,0.0,0.000,2.35,-5.3,-2.8,recovery
0.518,0.5604,0.01215,-0.06738,-51.25,-71.38,0.1941,0.2912,0.3500,0.0,0.000,2.35,-5.3,-2.8,recovery
0.520,0.5625,0.01253,-0.06680,-50.87,-70.80,0.1941,0.2912,0.3500,0.0,0.000,2.35,-5.3,-2.8,recovery
0.522,0.5647,0.01292,-0.06622,-50.48,-70.22,0.1941,0.2912,0.3500,0.0,0.000,2.35,-5.3,-2.8,recovery
0.524,0.5669,0.01331,-0.06563,-50.09,-69.63,0.1941,0.2912,0.3500,0.0,0.000,2.35,-5.3,-2.8,recovery
0.526,0.5690,0.01370,-0.06505,-49.70,-69.05,0.1941,0.2912,0.3500,0.0,0.000,2.35,-5.3,-2.8,recovery
0.528,0.5712,0.01409,-0.06447,-49.31,-68.47,0.1941,0.2912,0.3500,0.0,0.000,2.35,-5.3,-2.8,recovery
0.530,0.5733,0.01448,-0.06389,-48.92,-67.89,0.1941,0.2912,0.3500,0.0,0.000,2.35,-5.3,-2.8,recovery
0.532,0.5755,0.01486,-0.06330,-48.54,-67.30,0.1941,0.2912,0.3500,0.0,0.000,2.35,-5.3,-2.8,recovery
0.534,0.5777,0.01525,-0.06272,-48.15,-66.72,0.1941,0.2912,0.3500,0.0,0.000,2.35,-5.3,-2.8,recovery
0.536,0.5798,0.01564,-0.06214,-47.76,-66.14,0.1948,0.2907,0.3500,0.0,0.000,2.35,-5.4,-2.8,recovery
0.538,0.5820,0.01603,-0.06156,-47.37,-65.56,0.2003,0.2869,0.3500,0.0,0.000,2.35,-5.7,-2.8,recovery
0.540,0.5842,0.01644,-0.06099,-46.96,-64.99,0.2103,0.2797,0.3500,0.0,0.000,2.35,-6.2,-2.6,recovery
0.542,0.5863,0.01687,-0.06044,-46.53,-64.44,0.2213,0.2710,0.3500,0.0,0.000,2.35,-6.9,-2.5,recovery
0.544,0.5885,0.01733,-0.05991,-46.07,-63.91,0.2322,0.2617,0.3500,0.0,0.000,2.35,-7.6,-2.3,recovery
0.546,0.5907,0.01780,-0.05939,-45.60,-63.39,0.2434,0.2514,0.3500,0.0,0.000,2.35,-8.3,-2.1,recovery
0.548,0.5928,0.01830,-0.05890,-45.10,-62.90,0.2545,0.2400,0.3500,0.0,0.000,2.35,-9.1,-1.9,recovery
0.550,0.5950,0.01882,-0.05843,-44.58,-62.43,0.2654,0.2279,0.3500,0.0,0.000,2.35,-9.9,-1.7,recovery
0.552,0.5971,0.01936,-0.05799,-44.04,-61.99,0.2763,0.2146,0.3500,0.0,0.000,2.35,-10.8,-1.5,recovery
0.554,0.5993,0.01992,-0.05757,-43.48,-61.57,0.2865,0.2008,0.3500,0.0,0.000,2.35,-11.6,-1.4,recovery
0.556,0.6015,0.02051,-0.05719,-42.89,-61.19,0.2964,0.1858,0.3500,0.0,0.000,2.35,-12.4,-1.2,recovery
0.558,0.6036,0.02111,-0.05683,-42.29,-60.83,0.3054,0.1706,0.3500,0.0,0.000,2.35,-13.1,-1.0,recovery
0.560,0.6058,0.02173,-0.05650,-41.67,-60.50,0.3138,0.1546,0.3500,0.0,0.000,2.35,-13.9,-0.8,recovery
0.562,0.6080,0.02237,-0.05621,-41.03,-60.21,0.3214,0.1382,0.3500,0.0,0.000,2.35,-14.6,-0.6,recovery
0.564,0.6101,0.02302,-0.05595,-40.38,-59.95,0.3279,0.1221,0.3500,0.0,0.000,2.35,-15.2,-0.5,recovery
0.566,0.6123,0.02368,-0.05572,-39.72,-59.72,0.3336,0.1055,0.3500,0.0,0.000,2.35,-15.7,-0.4,recovery
0.568,0.6145,0.02435,-0.05553,-39.05,-59.53,0.3382,0.0895,0.3500,0.0,0.000,2.35,-16.1,-0.3,recovery
0.570,0.6166,0.02503,-0.05537,-38.37,-59.37,0.3420,0.0736,0.3500,0.0,0.000,2.35,-16.5,-0.2,recovery
0.572,0.6188,0.02572,-0.05524,-37.68,-59.24,0.3450,0.0582,0.3500,0.0,0.000,2.35,-16.8,-0.1,recovery
0.574,0.6209,0.02641,-0.05513,-36.99,-59.13,0.3472,0.0434,0.3500,0.0,0.000,2.35,-17.0,-0.1,recovery
0.576,0.6231,0.02711,-0.05506,-36.29,-59.06,0.3487,0.0290,0.3500,0.0,0.000,2.35,-17.1,-0.0,recovery
0.578,0.6253,0.02780,-0.05502,-35.60,-59.02,0.3496,0.0157,0.3500,0.0,0.000,2.35,-17.2,-0.0,recovery
0.580,0.6274,0.02850,-0.05500,-34.90,-59.00,0.3499,0.0045,0.3500,0.0,0.000,2.35,-17.3,-0.0,recovery
0.582,0.6296,0.02920,-0.05500,-34.20,-59.00,0.3500,0.0000,0.3500,0.0,0.000,2.35,-17.3,0.0,recovery
0.584,0.6318,0.02990,-0.05500,-33.50,-59.00,0.3500,0.0000,0.3500,0.0,0.000,2.35,-17.3,0.0,recovery
0.586,0.6339,0.03060,-0.05500,-32.80,-59.00,0.3500,0.0000,0.3500,0.0,0.000,2.35,-17.3,0.0,recovery
0.588,0.6361,0.03130,-0.05500,-32.10,-59.00,0.3500,0.0000,0.3500,0.0,0.000,2.35,-17.3,0.0,recovery
0.590,0.6382,0.03200,-0.05500,-31.40,-59.00,0.3500,0.0000,0.3500,0.0,0.000,2.35,-17.3,0.0,recovery
0.592,0.6404,0.03270,-0.05500,-30.70,-59.00,0.3500,0.0000,0.3500,0.0,0.000,2.35,-17.3,0.0,recovery
0.594,0.6426,0.03340,-0.05500,-30.00,-59.00,0.3500,0.0000,0.3500,0.0,0.000,2.35,-17.3,0.0,recovery
0.596,0.6447,0.03410,-0.05500,-29.30,-59.00,0.3500,0.0000,0.3500,0.0,0.000,2.35,-17.3,0.0,recovery
0.598,0.6469,0.03480,-0.05500,-28.60,-59.00,0.3500,0.0000,0.3500,0.0,0.000,2.35,-17.3,0.0,recovery
0.600,0.6491,0.03550,-0.05500,-27.90,-59.00,0.3500,0.0000,0.3500,0.0,0.000,2.35,-17.3,0.0,recovery
0.602,0.6512,0.03620,-0.05500,-27.20,-59.00,0.3500,0.0000,0.3500,0.0,0.000,2.35,-17.3,0.0,recovery
0.604,0.6534,0.03690,-0.05500,-26.50,-59.00,0.3500,0.0000,0.3500,0.0,0.000,2.35,-17.3,0.0,recovery
0.606,0.6556,0.03760,-0.05500,-25.80,-59.00,0.3500,0.0000,0.3500,0.0,0.000,2.35,-17.3,0.0,recovery
0.608,0.6577,0.03830,-0.05500,-25.10,-59.00,0.3500,0.0000,0.3500,0.0,0.000,2.35,-17.3,0.0,recovery
0.610,0.6599,0.03900,-0.05500,-24.40,-59.00,0.3500,0.0000,0.3500,0.0,0.000,2.35,-17.3,0.0,recovery
0.612,0.6620,0.03970,-0.05500,-23.70,-59.00,0.3500,0.0000,0.3500,0.0,0.000,2.35,-17.3,0.0,recovery
0.614,0.6642,0.04040,-0.05500,-23.00,-59.00,0.3500,0.0000,0.3500,0.0,0.000,2.35,-17.3,0.0,recovery
0.616,0.6664,0.04110,-0.05500,-22.30,-59.00,0.3500,0.0000,0.3500,0.0,0.000,2.35,-17.3,0.0,recovery
0.618,0.6685,0.04180,-0.05500,-21.60,-59.00,0.3500,0.0000,0.3500,0.0,0.000,2.35,-17.3,0.0,recovery
0.620,0.6707,0.04250,-0.05500,-20.90,-59.00,0.3500,0.0000,0.3500,0.0,0.000,2.35,-17.3,0.0,recovery
0.622,0.6729,0.04320,-0.05500,-20.20,-59.00,0.3500,0.0000,0.3500,0.0,0.000,2.35,-17.3,0.0,recovery
0.624,0.6750,0.04390,-0.05500,-19.50,-59.00,0.3500,0.0000,0.3500,0.0,0.000,2.35,-17.3,0.0,recovery
0.626,0.6772,0.04460,-0.05500,-18.80,-59.00,0.3500,0.0000,0.3500,0.0,0.000,2.35,-17.3,0.0,recovery
0.628,0.6794,0.04530,-0.05500,-18.10,-59.00,0.3500,0.0000,0.3500,0.0,0.000,2.35,-17.3,0.0,recovery
0.630,0.6815,0.04600,-0.05500,-17.40,-59.00,0.3500,0.0000,0.3500,0.0,0.000,2.35,-17.3,0.0,recovery
0.632,0.6837,0.04670,-0.05500,-16.70,-59.00,0.3500,0.0000,0.3500,0.0,0.000,2.35,-17.3,0.0,recovery
0.634,0.6858,0.04740,-0.05500,-16.00,-59.00,0.3500,0.0000,0.3500,0.0,0.000,2.35,-17.3,0.0,recovery
0.636,0.6880,0.04810,-0.05500,-15.30,-59.00,0.3500,0.0000,0.3500,0.0,0.000,2.35,-17.3,0.0,recovery
0.638,0.6902,0.04880,-0.05500,-14.60,-59.00,0.3500,0.0000,0.3500,0.0,0.000,2.35,-17.3,0.0,recovery
0.640,0.6923,0.04950,-0.05500,-13.90,-59.00,0.3500,0.0000,0.3500,0.0,0.000,2.35,-17.3,0.0,recovery
0.642,0.6945,0.05020,-0.05500,-13.20,-59.00,0.3500,0.0000,0.3500,0.0,0.000,2.35,-17.3,0.0,recovery
0.644,0.6967,0.05090,-0.05500,-12.50,-59.00,0.3500,0.0000,0.3500,0.0,0.000,2.35,-17.3,0.0,recovery
0.646,0.6988,0.05160,-0.05500,-11.80,-59.00,0.3500,0.0000,0.3500,0.0,0.000,2.35,-17.3,0.0,recovery
0.648,0.7010,0.05230,-0.05500,-11.10,-59.00,0.3500,0.0000,0.3500,0.0,0.000,2.35,-17.3,0.0,recovery
0.650,0.7032,0.05300,-0.05500,-10.40,-59.00,0.3500,0.0000,0.3500,0.0,0.000,2.35,-17.3,0.0,recovery
0.652,0.7053,0.05370,-0.05500,-9.70,-59.00,0.3500,0.0000,0.3500,0.0,0.000,2.35,-17.3,0.0,recovery
0.654,0.7075,0.05440,-0.05500,-9.00,-59.00,0.3500,0.0000,0.3500,0.0,0.000,2.35,-17.3,0.0,recovery
0.656,0.7096,0.05510,-0.05500,-8.30,-59.00,0.3500,0.0000,0.3500,0.0,0.000,2.35,-17.3,0.0,recovery
0.658,0.7118,0.05580,-0.05500,-7.60,-59.00,0.3500,0.0000,0.3500,0.0,0.000,2.35,-17.3,0.0,recovery
0.660,0.7140,0.05650,-0.05500,-6.90,-59.00,0.3500,0.0000,0.3500,0.0,0.000,2.35,-17.3,0.0,recovery
0.662,0.7161,0.05720,-0.05500,-6.20,-59.00,0.3500,0.0000,0.3500,0.0,0.000,2.35,-17.3,0.0,recovery
0.664,0.7183,0.05790,-0.05500,-5.50,-59.00,0.3500,0.0000,0.3500,0.0,0.000,2.35,-17.3,0.0,recovery
0.666,0.7205,0.05860,-0.05500,-4.80,-59.00,0.3500,0.0000,0.3500,0.0,0.000,2.35,-17.3,0.0,recovery
0.668,0.7226,0.05930,-0.05500,-4.10,-59.00,0.3500,0.0000,0.3500,0.0,0.000,2.35,-17.3,0.0,recovery
0.670,0.7248,0.06000,-0.05500,-3.40,-59.00,0.3500,0.0000,0.3500,0.0,0.000,2.35,-17.3,0.0,recovery
0.672,0.7270,0.06070,-0.05500,-2.70,-59.00,0.3500,0.0000,0.3500,0.0,0.000,2.35,-17.3,0.0,recovery
0.674,0.7291,0.06140,-0.05500,-2.00,-59.00,0.3500,0.0000,0.3500,0.0,0.000,2.35,-17.3,0.0,recovery
0.676,0.7313,0.06210,-0.05500,-1.30,-59.00,0.3500,0.0000,0.3500,0.0,0.000,2.35,-17.3,0.0,recovery
0.678,0.7334,0.06280,-0.05500,-0.60,-59.00,0.3500,0.0000,0.3500,0.0,0.000,2.35,-17.3,0.0,recovery
0.680,0.7356,0.06350,-0.05500,0.10,-59.00,0.3500,0.0000,0.3500,0.0,0.000,2.35,-17.3,0.0,recovery
0.682,0.7378,0.06420,-0.05500,0.80,-59.00,0.3500,0.0000,0.3500,0.0,0.000,2.35,-17.3,0.0,recovery
0.684,0.7399,0.06490,-0.05500,1.50,-59.00,0.3500,0.0000,0.3500,0.0,0.000,2.35,-17.3,0.0,recovery
0.686,0.7421,0.06560,-0.05500,2.20,-59.00,0.3500,0.0000,0.3500,0.0,0.000,2.35,-17.3,0.0,recovery
0.688,0.7443,0.06630,-0.05500,2.90,-59.00,0.3500,0.0000,0.3500,0.0,0.000,2.35,-17.3,0.0,recovery
0.690,0.7464,0.06700,-0.05500,3.60,-59.00,0.3500,0.0000,0.3500,0.0,0.000,2.35,-17.3,0.0,recovery
0.692,0.7486,0.06770,-0.05500,4.30,-59.00,0.3500,0.0000,0.3500,0.0,0.000,2.35,-17.3,0.0,recovery
0.694,0.7508,0.06840,-0.05500,5.00,-59.00,0.3500,0.0000,0.3500,0.0,0.000,2.35,-17.3,0.0,recovery
0.696,0.7529,0.06910,-0.05500,5.70,-59.00,0.3500,0.0000,0.3500,0.0,0.000,2.35,-17.3,0.0,recovery
0.698,0.7551,0.06980,-0.05500,6.40,-59.00,0.3500,0.0000,0.3500,0.0,0.000,2.35,-17.3,0.0,recovery
0.700,0.7572,0.07050,-0.05500,7.10,-59.00,0.3500,0.0000,0.3500,0.0,0.000,2.35,-17.3,0.0,recovery
0.702,0.7594,0.07120,-0.05500,7.80,-59.00,0.3500,-0.0000,0.3500,0.0,0.000,2.35,-17.3,0.0,recovery
0.704,0.7616,0.07190,-0.05500,8.50,-59.00,0.3500,0.0000,0.3500,0.0,0.000,2.35,-17.3,-0.0,recovery
0.706,0.7637,0.07260,-0.05500,9.20,-59.00,0.3500,0.0000,0.3500,0.0,0.000,2.35,-17.3,0.0,recovery
0.708,0.7659,0.07330,-0.05500,9.90,-59.00,0.3500,0.0000,0.3500,0.0,0.000,2.35,-17.3,0.0,recovery
0.710,0.7681,0.07400,-0.05500,10.60,-59.00,0.3500,0.0000,0.3500,0.0,0.000,2.35,-17.3,0.0,recovery
0.712,0.7702,0.07470,-0.05500,11.30,-59.00,0.3500,0.0000,0.3500,0.0,0.000,2.35,-17.3,0.0,recovery
0.714,0.7724,0.07540,-0.05500,12.00,-59.00,0.3500,0.0000,0.3500,0.0,0.000,2.35,-17.3,0.0,recovery
0.716,0.7746,0.07610,-0.05500,12.70,-59.00,0.3500,0.0000,0.3500,0.0,0.000,2.35,-17.3,0.0,recovery
0.718,0.7767,0.07680,-0.05500,13.40,-59.00,0.3500,0.0000,0.3500,0.0,0.000,2.35,-17.3,0.0,recovery
0.720,0.7789,0.07750,-0.05500,14.10,-59.00,0.3500,0.0000,0.3500,0.0,0.000,2.35,-17.3,0.0,recovery
0.722,0.7810,0.07820,-0.05500,14.80,-59.00,0.3500,0.0000,0.3500,0.0,0.000,2.35,-17.3,0.0,recovery
0.724,0.7832,0.07890,-0.05500,15.50,-59.00,0.3500,0.0000,0.3500,0.0,0.000,2.35,-17.3,0.0,recovery
0.726,0.7854,0.07960,-0.05500,16.20,-59.00,0.3500,0.0000,0.3500,0.0,0.000,2.35,-17.3,0.0,recovery
0.728,0.7875,0.08030,-0.05500,16.90,-59.00,0.3500,0.0000,0.3500,0.0,0.000,2.35,-17.3,0.0,recovery
0.730,0.7897,0.08100,-0.05500,17.60,-59.00,0.3500,0.0000,0.3500,0.0,0.000,2.35,-17.3,0.0,recovery
0.732,0.7919,0.08170,-0.05500,18.30,-59.00,0.3500,0.0000,0.3500,0.0,0.000,2.35,-17.3,0.0,recovery
0.734,0.7940,0.08240,-0.05500,19.00,-59.00,0.3500,0.0000,0.3500,0.0,0.000,2.35,-17.3,0.0,recovery
0.736,0.7962,0.08310,-0.05500,19.70,-59.00,0.3500,0.0000,0.3500,0.0,0.000,2.35,-17.3,0.0,recovery
0.738,0.7984,0.08380,-0.05500,20.40,-59.00,0.3500,0.0000,0.3500,0.0,0.000,2.35,-17.3,0.0,recovery
0.740,0.8005,0.08450,-0.05500,21.10,-59.00,0.3500,0.0000,0.3500,0.0,0.000,2.35,-17.3,0.0,recovery
0.742,0.8027,0.08520,-0.05500,21.80,-59.00,0.3500,0.0000,0.3500,0.0,0.000,2.35,-17.3,0.0,recovery
0.744,0.8048,0.08590,-0.05500,22.50,-59.00,0.3500,0.0000,0.3500,0.0,0.000,2.35,-17.3,0.0,recovery
0.746,0.8070,0.08660,-0.05500,23.20,-59.00,0.3500,0.0000,0.3500,0.0,0.000,2.35,-17.3,0.0,recovery
0.748,0.8092,0.08730,-0.05500,23.90,-59.00,0.3500,0.0000,0.3500,0.0,0.000,2.35,-17.3,0.0,recovery
0.750,0.8113,0.08800,-0.05500,24.60,-59.00,0.3500,0.0000,0.3500,0.0,0.000,2.35,-17.3,0.0,recovery
0.752,0.8135,0.08870,-0.05500,25.30,-59.00,0.3500,0.0000,0.3500,0.0,0.000,2.35,-17.3,0.0,recovery
0.754,0.8157,0.08940,-0.05500,26.00,-59.00,0.3500,0.0000,0.3500,0.0,0.000,2.35,-17.3,0.0,recovery
0.756,0.8178,0.09010,-0.05500,26.70,-59.00,0.3500,0.0000,0.3500,0.0,0.000,2.35,-17.3,0.0,recovery
0.758,0.8200,0.09080,-0.05500,27.40,-59.00,0.3500,0.0000,0.3500,0.0,0.000,2.35,-17.3,0.0,recovery
0.760,0.8222,0.09150,-0.05500,28.10,-59.00,0.3500,0.0000,0.3500,0.0,0.000,2.35,-17.3,0.0,recovery
0.762,0.8243,0.09220,-0.05500,28.80,-59.00,0.3500,0.0000,0.3500,0.0,0.000,2.35,-17.3,0.0,recovery
0.764,0.8265,0.09290,-0.05500,29.50,-59.00,0.3500,0.0000,0.3500,0.0,0.000,2.35,-17.3,0.0,recovery
0.766,0.8286,0.09360,-0.05500,30.20,-59.00,0.3500,0.0000,0.3500,0.0,0.000,2.35,-17.3,0.0,recovery
0.768,0.8308,0.09430,-0.05500,30.90,-59.00,0.3500,0.0000,0.3500,0.0,0.000,2.35,-17.3,0.0,recovery
0.770,0.8330,0.09500,-0.05500,31.60,-59.00,0.3500,0.0000,0.3500,0.0,0.000,2.35,-17.3,0.0,recovery
0.772,0.8351,0.09570,-0.05500,32.30,-59.00,0.3500,0.0000,0.3500,0.0,0.000,2.35,-17.3,0.0,recovery
0.774,0.8373,0.09640,-0.05500,33.00,-59.00,0.3500,0.0000,0.3500,0.0,0.000,2.35,-17.3,0.0,recovery
0.776,0.8395,0.09710,-0.05500,33.70,-59.00,0.3500,0.0000,0.3500,0.0,0.000,2.35,-17.3,0.0,recovery
0.778,0.8416,0.09780,-0.05500,34.40,-59.00,0.3500,-0.0007,0.3500,0.0,0.000,2.35,-17.3,0.0,recovery
0.780,0.8438,0.09850,-0.05500,35.10,-59.00,0.3499,-0.0072,0.3500,0.0,0.000,2.35,-17.3,0.0,recovery
0.782,0.8460,0.09920,-0.05503,35.80,-59.03,0.3494,-0.0194,0.3500,0.0,0.000,2.35,-17.2,0.0,recovery
0.784,0.8481,0.09990,-0.05508,36.50,-59.08,0.3483,-0.0333,0.3500,0.0,0.000,2.35,-17.1,0.0,recovery
0.786,0.8503,0.10060,-0.05516,37.20,-59.16,0.3466,-0.0477,0.3500,0.0,0.000,2.35,-16.9,0.1,recovery
0.788,0.8524,0.10129,-0.05527,37.89,-59.27,0.3442,-0.0627,0.3500,0.0,0.000,2.35,-16.7,0.1,recovery
0.790,0.8546,0.10197,-0.05541,38.57,-59.41,0.3410,-0.0783,0.3500,0.0,0.000,2.35,-16.4,0.2,recovery
0.792,0.8568,0.10265,-0.05558,39.25,-59.58,0.3369,-0.0942,0.3500,0.0,0.000,2.35,-16.0,0.3,recovery
0.794,0.8589,0.10332,-0.05579,39.92,-59.79,0.3319,-0.1106,0.3500,0.0,0.000,2.35,-15.5,0.4,recovery
0.796,0.8611,0.10398,-0.05603,40.58,-60.03,0.3261,-0.1267,0.3500,0.0,0.000,2.35,-15.0,0.5,recovery
0.798,0.8633,0.10463,-0.05630,41.23,-60.30,0.3191,-0.1433,0.3500,0.0,0.000,2.35,-14.4,0.7,recovery
0.800,0.8654,0.10526,-0.05660,41.86,-60.60,0.3115,-0.1592,0.3500,0.0,0.000,2.35,-13.7,0.9,recovery
0.802,0.8676,0.10587,-0.05693,42.47,-60.93,0.3028,-0.1751,0.3500,0.0,0.000,2.35,-12.9,1.0,recovery
0.804,0.8698,0.10647,-0.05730,43.07,-61.30,0.2934,-0.1906,0.3500,0.0,0.000,2.35,-12.1,1.2,recovery
0.806,0.8719,0.10705,-0.05770,43.65,-61.70,0.2836,-0.2049,0.3500,0.0,0.000,2.35,-11.3,1.4,recovery
0.808,0.8741,0.10760,-0.05812,44.20,-62.12,0.2730,-0.2188,0.3500,0.0,0.000,2.35,-10.5,1.6,recovery
0.810,0.8762,0.10814,-0.05857,44.74,-62.57,0.2623,-0.2315,0.3500,0.0,0.000,2.35,-9.7,1.8,recovery
0.812,0.8784,0.10865,-0.05905,45.25,-63.05,0.2512,-0.2436,0.3500,0.0,0.000,2.35,-8.9,2.0,recovery
0.814,0.8806,0.10914,-0.05955,45.74,-63.55,0.2401,-0.2545,0.3500,0.0,0.000,2.35,-8.1,2.2,recovery
0.816,0.8827,0.10961,-0.06006,46.21,-64.06,0.2290,-0.2646,0.3500,0.0,0.000,2.35,-7.4,2.3,recovery
0.818,0.8849,0.11006,-0.06060,46.66,-64.60,0.2179,-0.2738,0.3500,0.0,0.000,2.35,-6.7,2.5,recovery
0.820,0.8871,0.11048,-0.06116,47.08,-65.16,0.2073,-0.2819,0.3500,0.0,0.000,2.35,-6.1,2.7,recovery
0.822,0.8892,0.11089,-0.06173,47.49,-65.73,0.1981,-0.2885,0.3500,0.0,0.000,2.35,-5.5,2.8,recovery
0.824,0.8914,0.11128,-0.06231,47.88,-66.31,0.1941,-0.2912,0.3500,0.0,0.000,2.35,-5.3,2.8,recovery
0.826,0.8935,0.11166,-0.06290,48.26,-66.90,0.1941,-0.2912,0.3500,0.0,0.000,2.35,-5.3,2.8,recovery
0.828,0.8957,0.11205,-0.06348,48.65,-67.48,0.1941,-0.2912,0.3500,0.0,0.000,2.35,-5.3,2.8,recovery
0.830,0.8979,0.11244,-0.06406,49.04,-68.06,0.1941,-0.2912,0.3500,0.0,0.000,2.35,-5.3,2.8,recovery
0.832,0.9000,0.11283,-0.06464,49.43,-68.64,0.1941,-0.2912,0.3500,0.0,0.000,2.35,-5.3,2.8,recovery
0.834,0.9022,0.11322,-0.06523,49.82,-69.23,0.1941,-0.2912,0.3500,0.0,0.000,2.35,-5.3,2.8,recovery
0.836,0.9044,0.11361,-0.06581,50.21,-69.81,0.1941,-0.2912,0.3500,0.0,0.000,2.35,-5.3,2.8,recovery
0.838,0.9065,0.11399,-0.06639,50.59,-70.39,0.1941,-0.2912,0.3500,0.0,0.000,2.35,-5.3,2.8,recovery
0.840,0.9087,0.11438,-0.06697,50.98,-70.97,0.1941,-0.2912,0.3500,0.0,0.000,2.35,-5.3,2.8,recovery
0.842,0.9109,0.11477,-0.06756,51.37,-71.56,0.1941,-0.2912,0.3500,0.0,0.000,2.35,-5.3,2.8,recovery
0.844,0.9130,0.11516,-0.06814,51.76,-72.14,0.1941,-0.2912,0.3500,0.0,0.000,2.35,-5.3,2.8,recovery
0.846,0.9152,0.11555,-0.06872,52.15,-72.72,0.1941,-0.2912,0.3500,0.0,0.000,2.35,-5.3,2.8,recovery
0.848,0.9173,0.11593,-0.06930,52.53,-73.30,0.1941,-0.2912,0.3500,0.0,0.000,2.35,-5.3,2.8,recovery
0.850,0.9195,0.11632,-0.06988,52.92,-73.88,0.1941,-0.2912,0.3500,0.0,0.000,2.35,-5.3,2.8,recovery
0.852,0.9217,0.11671,-0.07047,53.31,-74.47,0.1941,-0.2912,0.3500,0.0,0.000,2.35,-5.3,2.8,recovery
0.854,0.9238,0.11710,-0.07105,53.70,-75.05,0.1941,-0.2912,0.3500,0.0,0.000,2.35,-5.3,2.8,recovery
0.856,0.9260,0.11749,-0.07163,54.09,-75.63,0.1941,-0.2912,0.3500,0.0,0.000,2.35,-5.3,2.8,recovery
0.858,0.9282,0.11788,-0.07221,54.48,-76.21,0.1941,-0.2912,0.3500,0.0,0.000,2.35,-5.3,2.8,recovery
0.860,0.9303,0.11826,-0.07280,54.86,-76.80,0.1941,-0.2912,0.3500,0.0,0.000,2.35,-5.3,2.8,recovery
0.862,0.9325,0.11865,-0.07338,55.25,-77.38,0.1941,-0.2912,0.3500,0.0,0.000,2.35,-5.3,2.8,recovery
0.864,0.9347,0.11904,-0.07396,55.64,-77.96,0.1941,-0.2912,0.3500,0.0,0.000,2.35,-5.3,2.8,recovery
0.866,0.9368,0.11943,-0.07454,56.03,-78.54,0.1941,-0.2912,0.3500,0.0,0.000,2.35,-5.3,2.8,recovery
0.868,0.9390,0.11982,-0.07513,56.42,-79.13,0.1941,-0.2912,0.3500,0.0,0.000,2.35,-5.3,2.8,recovery
0.870,0.9411,0.12021,-0.07571,56.81,-79.71,0.1941,-0.2912,0.3500,0.0,0.000,2.35,-5.3,2.8,recovery
0.872,0.9433,0.12059,-0.07629,57.19,-80.29,0.1941,-0.2912,0.3500,0.0,0.000,2.35,-5.3,2.8,recovery
0.874,0.9455,0.12098,-0.07687,57.58,-80.87,0.1941,-0.2912,0.3500,0.0,0.000,2.35,-5.3,2.8,recovery
0.876,0.9476,0.12137,-0.07746,57.97,-81.46,0.1941,-0.2912,0.3500,0.0,0.000,2.35,-5.3,2.8,recovery
0.878,0.9498,0.12176,-0.07804,58.36,-82.04,0.1940,-0.2909,0.3500,0.0,0.000,2.35,-5.3,2.8,recovery
0.880,0.9520,0.12215,-0.07862,58.75,-82.62,0.1905,-0.2858,0.3454,0.0,0.010,2.51,-5.5,2.9,recovery
0.882,0.9541,0.12252,-0.07918,59.12,-83.18,0.1829,-0.2744,0.3298,0.0,0.043,3.05,-6.1,3.1,recovery
0.884,0.9563,0.12288,-0.07972,59.48,-83.72,0.1743,-0.2615,0.3142,0.0,0.077,3.59,-6.6,3.2,recovery
0.886,0.9585,0.12322,-0.08023,59.82,-84.23,0.1657,-0.2485,0.2987,0.0,0.110,4.12,-6.8,3.2,recovery
0.888,0.9606,0.12354,-0.08071,60.14,-84.71,0.1571,-0.2356,0.2831,0.0,0.143,4.66,-7.0,3.2,recovery
0.890,0.9628,0.12385,-0.08117,60.45,-85.17,0.1484,-0.2226,0.2676,0.0,0.177,5.20,-7.0,3.2,recovery
0.892,0.9649,0.12414,-0.08160,60.74,-85.60,0.1398,-0.2097,0.2520,0.0,0.210,5.74,-6.8,3.0,recovery
0.894,0.9671,0.12441,-0.08201,61.01,-86.01,0.1312,-0.1968,0.2365,0.0,0.243,6.27,-6.6,2.9,recovery
0.896,0.9693,0.12466,-0.08239,61.26,-86.39,0.1225,-0.1838,0.2209,0.0,0.277,6.81,-6.3,2.7,recovery
0.898,0.9714,0.12490,-0.08274,61.50,-86.74,0.1139,-0.1709,0.2054,0.0,0.310,7.35,-5.9,2.5,recovery
0.900,0.9736,0.12512,-0.08307,61.72,-87.07,0.1053,-0.1579,0.1898,0.0,0.343,7.89,-5.4,2.3,recovery
0.902,0.9758,0.12532,-0.08338,61.92,-87.38,0.0967,-0.1450,0.1742,0.0,0.377,8.42,-4.9,2.1,recovery
0.904,0.9779,0.12550,-0.08365,62.10,-87.65,0.0880,-0.1320,0.1587,0.0,0.410,8.96,-4.3,1.8,recovery
0.906,0.9801,0.12567,-0.08390,62.27,-87.90,0.0794,-0.1191,0.1431,0.0,0.443,9.50,-3.7,1.5,recovery
0.908,0.9823,0.12582,-0.08413,62.42,-88.13,0.0708,-0.1062,0.1276,0.0,0.477,10.04,-3.1,1.3,recovery
0.910,0.9844,0.12595,-0.08433,62.55,-88.33,0.0621,-0.0932,0.1120,0.0,0.510,10.57,-2.6,1.0,recovery
0.912,0.9866,0.12607,-0.08450,62.67,-88.50,0.0535,-0.0803,0.0965,0.0,0.543,11.11,-2.0,0.8,recovery
0.914,0.9887,0.12617,-0.08465,62.77,-88.65,0.0449,-0.0673,0.0809,0.0,0.577,11.65,-1.5,0.6,recovery
0.916,0.9909,0.12625,-0.08477,62.85,-88.77,0.0363,-0.0544,0.0654,0.0,0.610,12.18,-1.0,0.4,recovery
0.918,0.9931,0.12631,-0.08487,62.91,-88.87,0.0276,-0.0414,0.0498,0.0,0.643,12.72,-0.6,0.2,recovery
0.920,0.9952,0.12636,-0.08494,62.96,-88.94,0.0190,-0.0285,0.0342,0.0,0.677,13.26,-0.3,0.1,recovery
0.922,0.9974,0.12639,-0.08498,62.99,-88.98,0.0104,-0.0156,0.0187,0.0,0.710,13.80,-0.1,0.0,recovery
0.924,0.9996,0.12640,-0.08500,63.00,-89.00,0.0061,-0.0091,0.0031,0.0,0.743,14.33,-0.0,0.0,recovery
