t_s,hx_m,hz_m,fin_deg,shank_deg,phase
0.0000000,0.0423649,-0.0204457,-1.4016854,24.7765173,0.0000000
0.0012500,0.0423597,-0.0204345,-1.0382064,24.7916654,0.0025000
0.0025000,0.0423580,-0.0204308,-0.6789344,24.7967561,0.0050000
0.0037500,0.0423595,-0.0204341,-0.3246424,24.7922737,0.0075000
0.0050000,0.0423642,-0.0204441,0.0239306,24.7786923,0.0100000
0.0062500,0.0423718,-0.0204606,0.3660840,24.7564671,0.0125000
0.0075000,0.0423821,-0.0204831,0.7011600,24.7260276,0.0150000
0.0087500,0.0423952,-0.0205114,1.0285472,24.6877715,0.0175000
0.0100000,0.0424107,-0.0205452,1.3476845,24.6420617,0.0200000
0.0112500,0.0424286,-0.0205843,1.6580637,24.5892239,0.0225000
0.0125000,0.0424488,-0.0206285,1.9592326,24.5295472,0.0250000
0.0137500,0.0424712,-0.0206776,2.2507977,24.4632851,0.0275000
0.0150000,0.0424956,-0.0207315,2.5324256,24.3906593,0.0300000
0.0162500,0.0425221,-0.0207899,2.8038450,24.3118639,0.0325000
0.0175000,0.0425505,-0.0208529,3.0648480,24.2270711,0.0350000
0.0187500,0.0425807,-0.0209202,3.3152904,24.1364374,0.0375000
0.0200000,0.0426127,-0.0209918,3.5550925,24.0401105,0.0400000
0.0212500,0.0426465,-0.0210676,3.7842388,23.9382360,0.0425000
0.0225000,0.0426818,-0.0211475,4.0027772,23.8309642,0.0450000
0.0237500,0.0427188,-0.0212314,4.2108188,23.7184561,0.0475000
0.0250000,0.0427572,-0.0213191,4.4085359,23.6008885,0.0500000
0.0262500,0.0427970,-0.0214105,4.5961605,23.4784585,0.0525000
0.0275000,0.0428381,-0.0215054,4.7739823,23.3513862,0.0550000
0.0287500,0.0428805,-0.0216038,4.9423459,23.2199164,0.0575000
0.0300000,0.0429239,-0.0217053,5.1016486,23.0843181,0.0600000
0.0312500,0.0429683,-0.0218098,5.2523365,22.9448833,0.0625000
0.0325000,0.0430135,-0.0219171,5.3949016,22.8019234,0.0650000
0.0337500,0.0430595,-0.0220269,5.5298780,22.6557650,0.0675000
0.0350000,0.0431061,-0.0221389,5.6578377,22.5067432,0.0700000
0.0362500,0.0431532,-0.0222530,5.7793868,22.3551955,0.0725000
0.0375000,0.0432007,-0.0223689,5.8951607,22.2014527,0.0750000
0.0387500,0.0432484,-0.0224863,6.0058202,22.0458313,0.0775000
0.0400000,0.0432963,-0.0226050,6.1120462,21.8886240,0.0800000
0.0412500,0.0433443,-0.0227248,6.2145352,21.7300911,0.0825000
0.0425000,0.0433922,-0.0228457,6.3139947,21.5704521,0.0850000
0.0437500,0.0434401,-0.0229674,6.4111381,21.4098777,0.0875000
0.0450000,0.0434879,-0.0230898,6.5066801,21.2484830,0.0900000
0.0462500,0.0435356,-0.0232129,6.6013315,21.0863224,0.0925000
0.0475000,0.0435832,-0.0233368,6.6957949,20.9233848,0.0950000
0.0487500,0.0436306,-0.0234615,6.7907598,20.7595917,0.0975000
0.0500000,0.0436780,-0.0235870,6.8868981,20.5947965,0.1000000
0.0512500,0.0437254,-0.0237137,6.9848599,20.4287858,0.1025000
0.0525000,0.0437728,-0.0238416,7.0852690,20.2612822,0.1050000
0.0537500,0.0438204,-0.0239710,7.1887190,20.0919499,0.1075000
0.0550000,0.0438682,-0.0241023,7.2957698,19.9204006,0.1100000
0.0562500,0.0439163,-0.0242357,7.4069436,19.7462024,0.1125000
0.0575000,0.0439649,-0.0243717,7.5227221,19.5688891,0.1150000
0.0587500,0.0440140,-0.0245106,7.6435432,19.3879706,0.1175000
0.0600000,0.0440638,-0.0246528,7.7697985,19.2029444,0.1200000
0.0612500,0.0441144,-0.0247987,7.9018309,19.0133073,0.1225000
0.0625000,0.0441658,-0.0249488,8.0399325,18.8185673,0.1250000
0.0637500,0.0442181,-0.0251033,8.1843429,18.6182553,0.1275000
0.0650000,0.0442715,-0.0252626,8.3352480,18.4119355,0.1300000
0.0662500,0.0443259,-0.0254271,8.4927790,18.1992160,0.1325000
0.0675000,0.0443814,-0.0255969,8.6570113,17.9797575,0.1350000
0.0687500,0.0444380,-0.0257725,8.8279649,17.7532804,0.1375000
0.0700000,0.0444956,-0.0259539,9.0056038,17.5195710,0.1400000
0.0712500,0.0445543,-0.0261412,9.1898367,17.2784847,0.1425000
0.0725000,0.0446140,-0.0263346,9.3805178,17.0299486,0.1450000
0.0737500,0.0446747,-0.0265341,9.5774473,16.7739615,0.1475000
0.0750000,0.0447361,-0.0267396,9.7803736,16.5105914,0.1500000
0.0762500,0.0447982,-0.0269510,9.9889942,16.2399729,0.1525000
0.0775000,0.0448609,-0.0271683,10.2029580,15.9623008,0.1550000
0.0787500,0.0449241,-0.0273912,10.4218677,15.6778242,0.1575000
0.0800000,0.0449875,-0.0276195,10.6452817,15.3868378,0.1600000
0.0812500,0.0450511,-0.0278530,10.8727174,15.0896730,0.1625000
0.0825000,0.0451147,-0.0280914,11.1036540,14.7866886,0.1650000
0.0837500,0.0451782,-0.0283344,11.3375354,14.4782603,0.1675000
0.0850000,0.0452413,-0.0285818,11.5737738,14.1647709,0.1700000
0.0862500,0.0453041,-0.0288332,11.8117529,13.8466001,0.1725000
0.0875000,0.0453662,-0.0290883,12.0508319,13.5241160,0.1750000
0.0887500,0.0454276,-0.0293470,12.2903487,13.1976658,0.1775000
0.0900000,0.0454882,-0.0296089,12.5296243,12.8675693,0.1800000
0.0912500,0.0455480,-0.0298738,12.7679660,12.5341122,0.1825000
0.0925000,0.0456066,-0.0301415,13.0046720,12.1975420,0.1850000
0.0937500,0.0456643,-0.0304119,13.2390346,11.8580646,0.1875000
0.0950000,0.0457207,-0.0306848,13.4703448,11.5158431,0.1900000
0.0962500,0.0457759,-0.0309602,13.6978957,11.1709975,0.1925000
0.0975000,0.0458299,-0.0312379,13.9209864,10.8236068,0.1950000
0.0987500,0.0458826,-0.0315179,14.1389261,10.4737114,0.1975000
0.1000000,0.0459339,-0.0318003,14.3510374,10.1213179,0.2000000
0.1012500,0.0459838,-0.0320850,14.5566598,9.7664038,0.2025000
0.1025000,0.0460323,-0.0323720,14.7551535,9.4089245,0.2050000
0.1037500,0.0460793,-0.0326615,14.9459024,9.0488193,0.2075000
0.1050000,0.0461248,-0.0329534,15.1283173,8.6860189,0.2100000
0.1062500,0.0461689,-0.0332479,15.3018388,8.3204526,0.2125000
0.1075000,0.0462113,-0.0335449,15.4659400,7.9520552,0.2150000
0.1087500,0.0462522,-0.0338444,15.6201293,7.5807740,0.2175000
0.1100000,0.0462914,-0.0341466,15.7639523,7.2065745,0.2200000
0.1112500,0.0463289,-0.0344515,15.8969942,6.8294458,0.2225000
0.1125000,0.0463647,-0.0347589,16.0188816,6.4494050,0.2250000
0.1137500,0.0463987,-0.0350688,16.1292842,6.0665002,0.2275000
0.1150000,0.0464308,-0.0353813,16.2279160,5.6808128,0.2300000
0.1162500,0.0464611,-0.0356961,16.3145367,5.2924586,0.2325000
0.1175000,0.0464894,-0.0360132,16.3889523,4.9015869,0.2350000
0.1187500,0.0465156,-0.0363323,16.4510160,4.5083799,0.2375000
0.1200000,0.0465398,-0.0366533,16.5006284,4.1130499,0.2400000
0.1212500,0.0465619,-0.0369761,16.5377380,3.7158363,0.2425000
0.1225000,0.0465818,-0.0373002,16.5623406,3.3170015,0.2450000
0.1237500,0.0465995,-0.0376256,16.5744792,2.9168266,0.2475000
0.1250000,0.0466150,-0.0379520,16.5742436,2.5156064,0.2500000
0.1262500,0.0466283,-0.0382791,16.5617695,2.1136444,0.2525000
0.1275000,0.0466392,-0.0386066,16.5372373,1.7112477,0.2550000
0.1287500,0.0466478,-0.0389343,16.5008709,1.3087225,0.2575000
0.1300000,0.0466542,-0.0392619,16.4529367,0.9063697,0.2600000
0.1312500,0.0466582,-0.0395892,16.3937412,0.5044806,0.2625000
0.1325000,0.0466599,-0.0399158,16.3236302,0.1033343,0.2650000
0.1337500,0.0466594,-0.0402417,16.2429857,-0.2968051,0.2675000
0.1350000,0.0466566,-0.0405665,16.1522247,-0.6956901,0.2700000
0.1362500,0.0466515,-0.0408901,16.0517963,-1.0930905,0.2725000
0.1375000,0.0466442,-0.0412123,15.9421796,-1.4887936,0.2750000
0.1387500,0.0466348,-0.0415329,15.8238811,-1.8826035,0.2775000
0.1400000,0.0466232,-0.0418517,15.6974320,-2.2743397,0.2800000
0.1412500,0.0466096,-0.0421686,15.5633854,-2.6638349,0.2825000
0.1425000,0.0465939,-0.0424834,15.4223136,-3.0509329,0.2850000
0.1437500,0.0465761,-0.0427961,15.2748053,-3.4354860,0.2875000
0.1450000,0.0465565,-0.0431064,15.1214622,-3.8173521,0.2900000
0.1462500,0.0465349,-0.0434144,14.9628968,-4.1963919,0.2925000
0.1475000,0.0465115,-0.0437197,14.7997284,-4.5724664,0.2950000
0.1487500,0.0464863,-0.0440224,14.6325811,-4.9454349,0.2975000
0.1500000,0.0464594,-0.0443223,14.4620801,-5.3151529,0.3000000
0.1512500,0.0464308,-0.0446192,14.2888489,-5.6814712,0.3025000
0.1525000,0.0464006,-0.0449131,14.1135064,-6.0442355,0.3050000
0.1537500,0.0463689,-0.0452038,13.9366640,-6.4032864,0.3075000
0.1550000,0.0463358,-0.0454911,13.7589225,-6.7584603,0.3100000
0.1562500,0.0463012,-0.0457750,13.5808696,-7.1095917,0.3125000
0.1575000,0.0462654,-0.0460552,13.4030769,-7.4565147,0.3150000
0.1587500,0.0462284,-0.0463317,13.2260975,-7.7990668,0.3175000
0.1600000,0.0461902,-0.0466044,13.0504634,-8.1370918,0.3200000
0.1612500,0.0461510,-0.0468730,12.8766829,-8.4704442,0.3225000
0.1625000,0.0461109,-0.0471375,12.7052384,-8.7989930,0.3250000
0.1637500,0.0460698,-0.0473978,12.5365845,-9.1226258,0.3275000
0.1650000,0.0460280,-0.0476539,12.3711454,-9.4412533,0.3300000
0.1662500,0.0459854,-0.0479057,12.2093136,-9.7548127,0.3325000
0.1675000,0.0459422,-0.0481532,12.0514478,-10.0632717,0.3350000
0.1687500,0.0458983,-0.0483963,11.8978714,-10.3666305,0.3375000
0.1700000,0.0458540,-0.0486351,11.7488712,-10.6649248,0.3400000
0.1712500,0.0458092,-0.0488698,11.6046960,-10.9582268,0.3425000
0.1725000,0.0457640,-0.0491002,11.4655558,-11.2466453,0.3450000
0.1737500,0.0457184,-0.0493267,11.3316207,-11.5303261,0.3475000
0.1750000,0.0456724,-0.0495493,11.2030202,-11.8094496,0.3500000
0.1762500,0.0456261,-0.0497682,11.0798432,-12.0842291,0.3525000
0.1775000,0.0455794,-0.0499837,10.9621369,-12.3549072,0.3550000
0.1787500,0.0455324,-0.0501959,10.8499076,-12.6217521,0.3575000
0.1800000,0.0454851,-0.0504050,10.7431202,-12.8850524,0.3600000
0.1812500,0.0454374,-0.0506113,10.6416986,-13.1451122,0.3625000
0.1825000,0.0453893,-0.0508151,10.5455263,-13.4022454,0.3650000
0.1837500,0.0453408,-0.0510167,10.4544473,-13.6567695,0.3675000
0.1850000,0.0452919,-0.0512162,10.3682666,-13.9089999,0.3700000
0.1862500,0.0452425,-0.0514139,10.2867517,-14.1592441,0.3725000
0.1875000,0.0451925,-0.0516100,10.2096333,-14.4077959,0.3750000
0.1887500,0.0451420,-0.0518048,10.1366076,-14.6549307,0.3775000
0.1900000,0.0450909,-0.0519985,10.0673370,-14.9009009,0.3800000
0.1912500,0.0450392,-0.0521913,10.0014529,-15.1459320,0.3825000
0.1925000,0.0449868,-0.0523832,9.9385568,-15.3902199,0.3850000
0.1937500,0.0449337,-0.0525744,9.8782229,-15.6339287,0.3875000
0.1950000,0.0448799,-0.0527651,9.8200005,-15.8771896,0.3900000
0.1962500,0.0448254,-0.0529552,9.7634161,-16.1201006,0.3925000
0.1975000,0.0447702,-0.0531449,9.7079761,-16.3627273,0.3950000
0.1987500,0.0447141,-0.0533342,9.6531697,-16.6051037,0.3975000
0.2000000,0.0446574,-0.0535230,9.5984713,-16.8472348,0.4000000
0.2012500,0.0445999,-0.0537114,9.5433437,-17.0890989,0.4025000
0.2025000,0.0445417,-0.0538993,9.4872411,-17.3306506,0.4050000
0.2037500,0.0444828,-0.0540867,9.4296118,-17.5718240,0.4075000
0.2050000,0.0444232,-0.0542735,9.3699015,-17.8125362,0.4100000
0.2062500,0.0443630,-0.0544595,9.3075568,-18.0526903,0.4125000
0.2075000,0.0443022,-0.0546448,9.2420277,-18.2921784,0.4150000
0.2087500,0.0442408,-0.0548293,9.1727713,-18.5308844,0.4175000
0.2100000,0.0441789,-0.0550128,9.0992545,-18.7686861,0.4200000
0.2112500,0.0441164,-0.0551952,9.0209577,-19.0054565,0.4225000
0.2125000,0.0440536,-0.0553765,8.9373775,-19.2410648,0.4250000
0.2137500,0.0439903,-0.0555565,8.8480299,-19.4753767,0.4275000
0.2150000,0.0439267,-0.0557352,8.7524532,-19.7082534,0.4300000
0.2162500,0.0438629,-0.0559124,8.6502107,-19.9395507,0.4325000
0.2175000,0.0437988,-0.0560880,8.5408940,-20.1691173,0.4350000
0.2187500,0.0437345,-0.0562619,8.4241252,-20.3967919,0.4375000
0.2200000,0.0436701,-0.0564340,8.2995594,-20.6224008,0.4400000
0.2212500,0.0436057,-0.0566041,8.1668872,-20.8457549,0.4425000
0.2225000,0.0435414,-0.0567721,8.0258371,-21.0666464,0.4450000
0.2237500,0.0434772,-0.0569378,7.8761768,-21.2848464,0.4475000
0.2250000,0.0434133,-0.0571010,7.7177158,-21.5001015,0.4500000
0.2262500,0.0433497,-0.0572616,7.5503062,-21.7121321,0.4525000
0.2275000,0.0432866,-0.0574192,7.3738448,-21.9206308,0.4550000
0.2287500,0.0432241,-0.0575737,7.1882735,-22.1252614,0.4575000
0.2300000,0.0431624,-0.0577248,6.9935807,-22.3256593,0.4600000
0.2312500,0.0431015,-0.0578721,6.7898016,-22.5214327,0.4625000
0.2325000,0.0430418,-0.0580155,6.5770186,-22.7121644,0.4650000
0.2337500,0.0429833,-0.0581546,6.3553616,-22.8974158,0.4675000
0.2350000,0.0429263,-0.0582890,6.1250073,-23.0767307,0.4700000
0.2362500,0.0428709,-0.0584185,5.8861792,-23.2496411,0.4725000
0.2375000,0.0428174,-0.0585426,5.6391466,-23.4156732,0.4750000
0.2387500,0.0427658,-0.0586611,5.3842236,-23.5743546,0.4775000
0.2400000,0.0427166,-0.0587737,5.1217678,-23.7252221,0.4800000
0.2412500,0.0426697,-0.0588800,4.8521787,-23.8678293,0.4825000
0.2425000,0.0426254,-0.0589796,4.5758959,-24.0017554,0.4850000
0.2437500,0.0425840,-0.0590725,4.2933970,-24.1266124,0.4875000
0.2450000,0.0425455,-0.0591582,4.0051948,-24.2420538,0.4900000
0.2462500,0.0425100,-0.0592367,3.7118356,-24.3477811,0.4925000
0.2475000,0.0424778,-0.0593077,3.4138955,-24.4435501,0.4950000
0.2487500,0.0424489,-0.0593712,3.1119776,-24.5291766,0.4975000
0.2500000,0.0424234,-0.0594270,2.8067090,-24.6045400,0.5000000
0.2512500,0.0424013,-0.0594752,2.4987372,-24.6695861,0.5025000
0.2525000,0.0423827,-0.0595157,2.1887265,-24.7243283,0.5050000
0.2537500,0.0423675,-0.0595486,1.8773540,-24.7688470,0.5075000
0.2550000,0.0423558,-0.0595741,1.5653064,-24.8032878,0.5100000
0.2562500,0.0423474,-0.0595922,1.2532753,-24.8278576,0.5125000
0.2575000,0.0423423,-0.0596033,0.9419538,-24.8428199,0.5150000
0.2587500,0.0423403,-0.0596075,0.6320317,-24.8484881,0.5175000
0.2600000,0.0423414,-0.0596051,0.3241924,-24.8452184,0.5200000
0.2612500,0.0423455,-0.0595963,0.0191076,-24.8334008,0.5225000
0.2625000,0.0423523,-0.0595816,-0.2825660,-24.8134503,0.5250000
0.2637500,0.0423617,-0.0595611,-0.5801907,-24.7857975,0.5275000
0.2650000,0.0423737,-0.0595353,-0.8731523,-24.7508782,0.5300000
0.2662500,0.0423879,-0.0595044,-1.1608637,-24.7091249,0.5325000
0.2675000,0.0424043,-0.0594688,-1.4427684,-24.6609569,0.5350000
0.2687500,0.0424227,-0.0594287,-1.7183445,-24.6067726,0.5375000
0.2700000,0.0424429,-0.0593844,-1.9871076,-24.5469421,0.5400000
0.2712500,0.0424649,-0.0593361,-2.2486145,-24.4818011,0.5425000
0.2725000,0.0424886,-0.0592841,-2.5024658,-24.4116462,0.5450000
0.2737500,0.0425138,-0.0592285,-2.7483087,-24.3367323,0.5475000
0.2750000,0.0425404,-0.0591695,-2.9858397,-24.2572706,0.5500000
0.2762500,0.0425684,-0.0591073,-3.2148063,-24.1734290,0.5525000
0.2775000,0.0425977,-0.0590418,-3.4350090,-24.0853341,0.5550000
0.2787500,0.0426283,-0.0589732,-3.6463032,-23.9930742,0.5575000
0.2800000,0.0426602,-0.0589015,-3.8485997,-23.8967041,0.5600000
0.2812500,0.0426933,-0.0588266,-4.0418662,-23.7962510,0.5625000
0.2825000,0.0427275,-0.0587487,-4.2261273,-23.6917212,0.5650000
0.2837500,0.0427630,-0.0586677,-4.4014648,-23.5831073,0.5675000
0.2850000,0.0427996,-0.0585835,-4.5680174,-23.4703965,0.5700000
0.2862500,0.0428374,-0.0584962,-4.7259801,-23.3535778,0.5725000
0.2875000,0.0428764,-0.0584058,-4.8756032,-23.2326497,0.5750000
0.2887500,0.0429164,-0.0583122,-5.0171907,-23.1076275,0.5775000
0.2900000,0.0429576,-0.0582154,-5.1510989,-22.9785486,0.5800000
0.2912500,0.0429998,-0.0581156,-5.2777340,-22.8454779,0.5825000
0.2925000,0.0430430,-0.0580128,-5.3975497,-22.7085110,0.5850000
0.2937500,0.0430871,-0.0579070,-5.5110447,-22.5677764,0.5875000
0.2950000,0.0431320,-0.0577984,-5.6187590,-22.4234353,0.5900000
0.2962500,0.0431778,-0.0576871,-5.7212709,-22.2756806,0.5925000
0.2975000,0.0432242,-0.0575733,-5.8191933,-22.1247334,0.5950000
0.2987500,0.0432713,-0.0574571,-5.9131696,-21.9708382,0.5975000
0.3000000,0.0433188,-0.0573388,-6.0038694,-21.8142565,0.6000000
0.3012500,0.0433668,-0.0572185,-6.0919842,-21.6552591,0.6025000
0.3025000,0.0434150,-0.0570965,-6.1782228,-21.4941174,0.6050000
0.3037500,0.0434635,-0.0569729,-6.2633066,-21.3310935,0.6075000
0.3050000,0.0435121,-0.0568479,-6.3479645,-21.1664304,0.6100000
0.3062500,0.0435608,-0.0567217,-6.4329279,-21.0003419,0.6125000
0.3075000,0.0436094,-0.0565944,-6.5189261,-20.8330023,0.6150000
0.3087500,0.0436580,-0.0564661,-6.6066806,-20.6645377,0.6175000
0.3100000,0.0437065,-0.0563369,-6.6969004,-20.4950171,0.6200000
0.3112500,0.0437550,-0.0562067,-6.7902769,-20.3244461,0.6225000
0.3125000,0.0438034,-0.0560755,-6.8874790,-20.1527610,0.6250000
0.3137500,0.0438517,-0.0559432,-6.9891479,-19.9798258,0.6275000
0.3150000,0.0439000,-0.0558097,-7.0958930,-19.8054306,0.6300000
0.3162500,0.0439484,-0.0556746,-7.2082868,-19.6292925,0.6325000
0.3175000,0.0439969,-0.0555379,-7.3268608,-19.4510587,0.6350000
0.3187500,0.0440457,-0.0553990,-7.4521015,-19.2703117,0.6375000
0.3200000,0.0440949,-0.0552577,-7.5844465,-19.0865772,0.6400000
0.3212500,0.0441445,-0.0551135,-7.7242808,-18.8993329,0.6425000
0.3225000,0.0441947,-0.0549660,-7.8719338,-18.7080205,0.6450000
0.3237500,0.0442457,-0.0548147,-8.0276766,-18.5120575,0.6475000
0.3250000,0.0442974,-0.0546593,-8.1917192,-18.3108519,0.6500000
0.3262500,0.0443501,-0.0544991,-8.3642083,-18.1038160,0.6525000
0.3275000,0.0444038,-0.0543338,-8.5452261,-17.8903816,0.6550000
0.3287500,0.0444586,-0.0541629,-8.7347887,-17.6700144,0.6575000
0.3300000,0.0445146,-0.0539861,-8.9328453,-17.4422282,0.6600000
0.3312500,0.0445717,-0.0538029,-9.1392778,-17.2065977,0.6625000
0.3325000,0.0446300,-0.0536131,-9.3539010,-16.9627704,0.6650000
0.3337500,0.0446895,-0.0534164,-9.5764628,-16.7104761,0.6675000
0.3350000,0.0447502,-0.0532127,-9.8066455,-16.4495343,0.6700000
0.3362500,0.0448119,-0.0530020,-10.0440669,-16.1798602,0.6725000
0.3375000,0.0448745,-0.0527841,-10.2882824,-15.9014666,0.6750000
0.3387500,0.0449380,-0.0525591,-10.5387870,-15.6144641,0.6775000
0.3400000,0.0450022,-0.0523273,-10.7950184,-15.3190587,0.6800000
0.3412500,0.0450668,-0.0520887,-11.0563595,-15.0155461,0.6825000
0.3425000,0.0451318,-0.0518437,-11.3221424,-14.7043040,0.6850000
0.3437500,0.0451970,-0.0515927,-11.5916519,-14.3857818,0.6875000
0.3450000,0.0452621,-0.0513359,-11.8641299,-14.0604890,0.6900000
0.3462500,0.0453269,-0.0510738,-12.1387797,-13.7289808,0.6925000
0.3475000,0.0453913,-0.0508069,-12.4147708,-13.3918436,0.6950000
0.3487500,0.0454550,-0.0505356,-12.6912442,-13.0496794,0.6975000
0.3500000,0.0455179,-0.0502605,-12.9673169,-12.7030894,0.7000000
0.3512500,0.0455798,-0.0499819,-13.2420883,-12.3526587,0.7025000
0.3525000,0.0456405,-0.0497003,-13.5146450,-11.9989409,0.7050000
0.3537500,0.0457000,-0.0494162,-13.7840667,-11.6424445,0.7075000
0.3550000,0.0457581,-0.0491298,-14.0494321,-11.2836201,0.7100000
0.3562500,0.0458147,-0.0488415,-14.3098245,-10.9228507,0.7125000
0.3575000,0.0458697,-0.0485515,-14.5643375,-10.5604430,0.7150000
0.3587500,0.0459231,-0.0482601,-14.8120808,-10.1966220,0.7175000
0.3600000,0.0459748,-0.0479673,-15.0521862,-9.8315282,0.7200000
0.3612500,0.0460248,-0.0476732,-15.2838123,-9.4652176,0.7225000
0.3625000,0.0460730,-0.0473778,-15.5061506,-9.0976641,0.7250000
0.3637500,0.0461196,-0.0470810,-15.7184302,-8.7287649,0.7275000
0.3650000,0.0461644,-0.0467827,-15.9199228,-8.3583484,0.7300000
0.3662500,0.0462075,-0.0464827,-16.1099477,-7.9861841,0.7325000
0.3675000,0.0462488,-0.0461808,-16.2878753,-7.6119949,0.7350000
0.3687500,0.0462884,-0.0458767,-16.4531319,-7.2354701,0.7375000
0.3700000,0.0463263,-0.0455702,-16.6052029,-6.8562803,0.7400000
0.3712500,0.0463624,-0.0452611,-16.7436363,-6.4740927,0.7425000
0.3725000,0.0463968,-0.0449490,-16.8680452,-6.0885862,0.7450000
0.3737500,0.0464293,-0.0446338,-16.9781103,-5.6994665,0.7475000
0.3750000,0.0464600,-0.0443153,-17.0735821,-5.3064804,0.7500000
0.3762500,0.0464888,-0.0439932,-17.1542819,-4.9094286,0.7525000
0.3775000,0.0465156,-0.0436675,-17.2201034,-4.5081769,0.7550000
0.3787500,0.0465404,-0.0433382,-17.2710126,-4.1026656,0.7575000
0.3800000,0.0465631,-0.0430053,-17.3070480,-3.6929164,0.7600000
0.3812500,0.0465836,-0.0426689,-17.3283205,-3.2790368,0.7625000
0.3825000,0.0466018,-0.0423291,-17.3350120,-2.8612218,0.7650000
0.3837500,0.0466177,-0.0419863,-17.3273740,-2.4397535,0.7675000
0.3850000,0.0466311,-0.0416406,-17.3057261,-2.0149969,0.7700000
0.3862500,0.0466421,-0.0412926,-17.2704531,-1.5873947,0.7725000
0.3875000,0.0466505,-0.0409425,-17.2220024,-1.1574584,0.7750000
0.3887500,0.0466563,-0.0405910,-17.1608810,-0.7257585,0.7775000
0.3900000,0.0466594,-0.0402385,-17.0876514,-0.2929122,0.7800000
0.3912500,0.0466599,-0.0398856,-17.0029280,0.1404296,0.7825000
0.3925000,0.0466577,-0.0395329,-16.9073726,0.5735963,0.7850000
0.3937500,0.0466528,-0.0391809,-16.8016894,1.0059123,0.7875000
0.3950000,0.0466453,-0.0388301,-16.6866206,1.4367114,0.7900000
0.3962500,0.0466353,-0.0384812,-16.5629409,1.8653507,0.7925000
0.3975000,0.0466227,-0.0381346,-16.4314519,2.2912236,0.7950000
0.3987500,0.0466077,-0.0377908,-16.2929769,2.7137716,0.7975000
0.4000000,0.0465903,-0.0374503,-16.1483546,3.1324945,0.8000000
0.4012500,0.0465706,-0.0371133,-15.9984338,3.5469582,0.8025000
0.4025000,0.0465488,-0.0367803,-15.8440674,3.9568014,0.8050000
0.4037500,0.0465249,-0.0364514,-15.6861060,4.3617388,0.8075000
0.4050000,0.0464990,-0.0361268,-15.5253929,4.7615628,0.8100000
0.4062500,0.0464712,-0.0358067,-15.3627574,5.1561428,0.8125000
0.4075000,0.0464416,-0.0354910,-15.1990096,5.5454219,0.8150000
0.4087500,0.0464104,-0.0351799,-15.0349349,5.9294122,0.8175000
0.4100000,0.0463775,-0.0348732,-14.8712883,6.3081876,0.8200000
0.4112500,0.0463431,-0.0345708,-14.7087896,6.6818756,0.8225000
0.4125000,0.0463072,-0.0342726,-14.5481184,7.0506478,0.8250000
0.4137500,0.0462698,-0.0339785,-14.3899095,7.4147098,0.8275000
0.4150000,0.0462311,-0.0336883,-14.2347487,7.7742898,0.8300000
0.4162500,0.0461911,-0.0334017,-14.0831690,8.1296288,0.8325000
0.4175000,0.0461498,-0.0331185,-13.9356470,8.4809696,0.8350000
0.4187500,0.0461072,-0.0328387,-13.7925998,8.8285475,0.8375000
0.4200000,0.0460633,-0.0325620,-13.6543826,9.1725818,0.8400000
0.4212500,0.0460183,-0.0322882,-13.5212862,9.5132684,0.8425000
0.4225000,0.0459721,-0.0320173,-13.3935356,9.8507746,0.8450000
0.4237500,0.0459247,-0.0317491,-13.2712885,10.1852354,0.8475000
0.4250000,0.0458762,-0.0314835,-13.1546344,10.5167509,0.8500000
0.4262500,0.0458266,-0.0312205,-13.0435950,10.8453870,0.8525000
0.4275000,0.0457759,-0.0309601,-12.9381235,11.1711766,0.8550000
0.4287500,0.0457242,-0.0307022,-12.8381062,11.4941233,0.8575000
0.4300000,0.0456716,-0.0304469,-12.7433631,11.8142064,0.8600000
0.4312500,0.0456180,-0.0301942,-12.6536497,12.1313869,0.8625000
0.4325000,0.0455635,-0.0299442,-12.5686594,12.4456150,0.8650000
0.4337500,0.0455082,-0.0296968,-12.4880259,12.7568375,0.8675000
0.4350000,0.0454522,-0.0294522,-12.4113260,13.0650063,0.8700000
0.4362500,0.0453954,-0.0292103,-12.3380833,13.3700864,0.8725000
0.4375000,0.0453379,-0.0289712,-12.2677720,13.6720633,0.8750000
0.4387500,0.0452797,-0.0287349,-12.1998209,13.9709497,0.8775000
0.4400000,0.0452209,-0.0285012,-12.1336180,14.2667915,0.8800000
0.4412500,0.0451616,-0.0282702,-12.0685151,14.5596717,0.8825000
0.4425000,0.0451016,-0.0280418,-12.0038329,14.8497129,0.8850000
0.4437500,0.0450411,-0.0278157,-11.9388663,15.1370784,0.8875000
0.4450000,0.0449799,-0.0275919,-11.8728897,15.4219706,0.8900000
0.4462500,0.0449182,-0.0273702,-11.8051627,15.7046279,0.8925000
0.4475000,0.0448558,-0.0271503,-11.7349355,15.9853198,0.8950000
0.4487500,0.0447927,-0.0269320,-11.6614548,16.2643397,0.8975000
0.4500000,0.0447288,-0.0267151,-11.5839696,16.5419965,0.9000000
0.4512500,0.0446641,-0.0264993,-11.5017368,16.8186044,0.9025000
0.4525000,0.0445986,-0.0262844,-11.4140269,17.0944720,0.9050000
0.4537500,0.0445322,-0.0260702,-11.3201294,17.3698905,0.9075000
0.4550000,0.0444648,-0.0258564,-11.2193586,17.6451210,0.9100000
0.4562500,0.0443963,-0.0256429,-11.1110583,17.9203831,0.9125000
0.4575000,0.0443268,-0.0254297,-10.9946073,18.1958425,0.9150000
0.4587500,0.0442561,-0.0252165,-10.8694240,18.4716003,0.9175000
0.4600000,0.0441844,-0.0250034,-10.7349707,18.7476834,0.9200000
0.4612500,0.0441115,-0.0247905,-10.5907581,19.0240364,0.9225000
0.4625000,0.0440376,-0.0245778,-10.4363488,19.3005152,0.9250000
0.4637500,0.0439627,-0.0243656,-10.2713609,19.5768834,0.9275000
0.4650000,0.0438869,-0.0241540,-10.0954713,19.8528100,0.9300000
0.4662500,0.0438103,-0.0239435,-9.9084179,20.1278708,0.9325000
0.4675000,0.0437331,-0.0237344,-9.7100020,20.4015510,0.9350000
0.4687500,0.0436555,-0.0235272,-9.5000903,20.6732515,0.9375000
0.4700000,0.0435777,-0.0233224,-9.2786158,20.9422965,0.9400000
0.4712500,0.0434999,-0.0231206,-9.0455790,21.2079437,0.9425000
0.4725000,0.0434224,-0.0229222,-8.8010480,21.4693967,0.9450000
0.4737500,0.0433455,-0.0227281,-8.5451587,21.7258185,0.9475000
0.4750000,0.0432696,-0.0225387,-8.2781137,21.9763462,0.9500000
0.4762500,0.0431949,-0.0223548,-8.0001821,22.2201070,0.9525000
0.4775000,0.0431218,-0.0221769,-7.7116972,22.4562342,0.9550000
0.4787500,0.0430507,-0.0220057,-7.4130549,22.6838830,0.9575000
0.4800000,0.0429818,-0.0218418,-7.1047116,22.9022463,0.9600000
0.4812500,0.0429155,-0.0216856,-6.7871810,23.1105692,0.9625000
0.4825000,0.0428521,-0.0215377,-6.4610310,23.3081623,0.9650000
0.4837500,0.0427918,-0.0213985,-6.1268804,23.4944133,0.9675000
0.4850000,0.0427350,-0.0212684,-5.7853951,23.6687966,0.9700000
0.4862500,0.0426819,-0.0211476,-5.4372834,23.8308810,0.9725000
0.4875000,0.0426325,-0.0210363,-5.0832921,23.9803346,0.9750000
0.4887500,0.0425872,-0.0209347,-4.7242015,24.1169275,0.9775000
0.4900000,0.0425460,-0.0208429,-4.3608205,24.2405322,0.9800000
0.4912500,0.0425089,-0.0207608,-3.9939816,24.3511210,0.9825000
0.4925000,0.0424761,-0.0206884,-3.6245354,24.4487616,0.9850000
0.4937500,0.0424474,-0.0206255,-3.2533456,24.5336108,0.9875000
0.4950000,0.0424230,-0.0205720,-2.8812832,24.6059058,0.9900000
0.4962500,0.0424026,-0.0205275,-2.5092214,24.6659542,0.9925000
0.4975000,0.0423862,-0.0204919,-2.1380297,24.7141232,0.9950000
0.4987500,0.0423737,-0.0204647,-1.7685689,24.7508276,0.9975000
