phase,xM,yM,q1,gamma,q_rocker,ACO2,O2EM
0.0,-40.852,-41.533,5.916,-85.0,15.0,115.353,100.0
0.01,-40.639,-42.081,6.716,-84.883,15.731,114.742,100.614
0.02,-40.426,-42.629,7.515,-84.78,16.463,114.126,101.243
0.03,-40.213,-43.176,8.313,-84.692,17.198,113.508,101.89
0.04,-40.0,-43.724,9.112,-84.618,17.934,112.886,102.552
0.05,-39.787,-44.272,9.911,-84.559,18.673,112.261,103.232
0.06,-39.574,-44.82,10.71,-84.514,19.414,111.632,103.928
0.07,-39.36,-45.368,11.51,-84.485,20.157,110.999,104.642
0.08,-39.147,-45.916,12.31,-84.47,20.903,110.363,105.374
0.09,-38.934,-46.464,13.111,-84.471,21.652,109.724,106.123
0.1,-38.721,-47.012,13.913,-84.487,22.403,109.08,106.89
0.11,-38.508,-47.56,14.717,-84.518,23.158,108.433,107.676
0.12,-38.295,-48.108,15.521,-84.565,23.915,107.781,108.481
0.13,-38.082,-48.656,16.328,-84.628,24.677,107.126,109.305
0.14,-37.869,-49.203,17.137,-84.708,25.441,106.466,110.149
0.15,-37.656,-49.751,17.947,-84.803,26.21,105.802,111.013
0.16,-37.443,-50.299,18.761,-84.916,26.982,105.133,111.898
0.17,-37.05,-50.963,19.767,-84.829,27.941,104.301,112.769
0.18,-36.299,-51.858,21.162,-84.349,29.274,103.143,113.622
0.19,-35.548,-52.754,22.569,-83.922,30.623,101.967,114.545
0.2,-34.797,-53.649,23.989,-83.55,31.989,100.775,115.538
0.21,-34.045,-54.544,25.422,-83.233,33.372,99.565,116.605
0.22,-33.294,-55.44,26.869,-82.974,34.773,98.336,117.747
0.23,-32.543,-56.335,28.33,-82.774,36.194,97.09,118.968
0.24,-31.791,-57.23,29.807,-82.636,37.634,95.823,120.27
0.25,-31.04,-58.126,31.301,-82.562,39.096,94.536,121.658
0.26,-30.289,-59.021,32.815,-82.554,40.582,93.226,123.136
0.27,-29.538,-59.916,34.349,-82.617,42.093,91.893,124.71
0.28,-28.786,-60.812,35.907,-82.754,43.632,90.533,126.386
0.29,-28.035,-61.707,37.492,-82.97,45.203,89.144,128.173
0.3,-27.284,-62.602,39.107,-83.271,46.81,87.724,130.081
0.31,-26.533,-63.498,40.758,-83.665,48.457,86.266,132.122
0.32,-25.781,-64.393,42.45,-84.16,50.152,84.766,134.312
0.33,-25.03,-65.288,44.192,-84.769,51.902,83.217,136.671
0.34,-24.445,-65.79,45.22,-84.883,52.939,82.3,137.822
0.35,-23.942,-66.095,45.879,-84.723,53.604,81.711,138.327
0.36,-23.439,-66.4,46.546,-84.581,54.279,81.114,138.859
0.37,-22.937,-66.705,47.222,-84.457,54.963,80.509,139.42
0.38,-22.434,-67.01,47.906,-84.353,55.657,79.895,140.01
0.39,-21.932,-67.315,48.6,-84.269,56.362,79.272,140.631
0.4,-21.429,-67.62,49.303,-84.206,57.077,78.64,141.283
0.41,-20.926,-67.925,50.016,-84.164,57.804,77.998,141.968
0.42,-20.424,-68.23,50.74,-84.146,58.543,77.345,142.688
0.43,-19.921,-68.535,51.476,-84.151,59.294,76.681,143.445
0.44,-19.419,-68.84,52.223,-84.182,60.059,76.006,144.241
0.45,-18.916,-69.145,52.983,-84.24,60.839,75.319,145.078
0.46,-18.413,-69.45,53.757,-84.326,61.634,74.617,145.959
0.47,-17.911,-69.755,54.546,-84.442,62.446,73.902,146.888
0.48,-17.408,-70.06,55.351,-84.591,63.276,73.171,147.868
0.49,-16.906,-70.365,56.174,-84.776,64.127,72.422,148.903
0.5,-16.403,-70.67,57.018,-85.0,65.0,71.654,150.0
0.51,-16.403,-70.67,57.018,-85.0,65.0,71.654,150.0
0.52,-16.403,-70.67,57.018,-85.0,65.0,71.654,150.0
0.53,-16.403,-70.67,57.018,-85.0,65.0,71.654,150.0
0.54,-16.938,-70.345,56.121,-84.763,64.072,72.47,148.835
0.55,-17.472,-70.021,55.247,-84.57,63.169,73.265,147.739
0.56,-18.007,-69.696,54.393,-84.417,62.289,74.04,146.706
0.57,-18.542,-69.372,53.558,-84.301,61.429,74.798,145.73
0.58,-19.076,-69.047,52.739,-84.218,60.588,75.539,144.806
0.59,-19.611,-68.723,51.935,-84.167,59.765,76.266,143.932
0.6,-20.146,-68.399,51.146,-84.146,58.957,76.979,143.103
0.61,-20.68,-68.074,50.369,-84.152,58.164,77.68,142.316
0.62,-21.215,-67.75,49.605,-84.185,57.385,78.368,141.57
0.63,-21.75,-67.425,48.853,-84.243,56.619,79.045,140.863
0.64,-22.284,-67.101,48.112,-84.326,55.866,79.71,140.192
0.65,-22.819,-66.776,47.381,-84.431,55.125,80.366,139.556
0.66,-23.354,-66.452,46.66,-84.558,54.395,81.012,138.953
0.67,-23.888,-66.127,45.949,-84.707,53.676,81.648,138.382
0.68,-24.423,-65.803,45.248,-84.876,52.967,82.275,137.843
0.69,-25.046,-65.269,44.154,-84.755,51.865,83.251,136.619
0.7,-25.845,-64.317,42.304,-84.114,50.006,84.896,134.119
0.71,-26.644,-63.364,40.51,-83.6,48.209,86.486,131.809
0.72,-27.444,-62.412,38.761,-83.2,46.465,88.029,129.665
0.73,-28.243,-61.459,37.051,-82.902,44.765,89.532,127.667
0.74,-29.042,-60.507,35.374,-82.699,43.105,90.999,125.804
0.75,-29.841,-59.554,33.726,-82.583,41.479,92.435,124.062
0.76,-30.641,-58.602,32.104,-82.549,39.883,93.842,122.433
0.77,-31.44,-57.649,30.504,-82.593,38.316,95.223,120.909
0.78,-32.239,-56.697,28.925,-82.711,36.773,96.58,119.484
0.79,-33.038,-55.744,27.364,-82.899,35.255,97.914,118.154
0.8,-33.837,-54.792,25.821,-83.156,33.758,99.227,116.913
0.81,-34.637,-53.839,24.293,-83.478,32.282,100.519,115.759
0.82,-35.436,-52.887,22.78,-83.863,30.825,101.791,114.688
0.83,-36.235,-51.935,21.281,-84.31,29.388,103.044,113.698
0.84,-37.034,-50.982,19.797,-84.818,27.969,104.277,112.787
0.85,-37.452,-50.276,18.726,-84.91,26.949,105.161,111.86
0.86,-37.679,-49.693,17.861,-84.792,26.128,105.872,110.92
0.87,-37.905,-49.11,16.999,-84.693,25.311,106.578,110.004
0.88,-38.132,-48.527,16.139,-84.612,24.498,107.28,109.11
0.89,-38.359,-47.944,15.282,-84.55,23.689,107.976,108.239
0.9,-38.585,-47.362,14.426,-84.505,22.885,108.667,107.39
0.91,-38.812,-46.779,13.572,-84.478,22.083,109.354,106.561
0.92,-39.039,-46.196,12.719,-84.469,21.285,110.037,105.754
0.93,-39.265,-45.613,11.867,-84.476,20.49,110.716,104.967
0.94,-39.492,-45.03,11.016,-84.501,19.698,111.39,104.2
0.95,-39.719,-44.447,10.166,-84.543,18.909,112.06,103.452
0.96,-39.945,-43.864,9.316,-84.602,18.123,112.727,102.724
0.97,-40.172,-43.281,8.466,-84.677,17.338,113.389,102.015
0.98,-40.399,-42.698,7.617,-84.768,16.557,114.048,101.325
0.99,-40.625,-42.116,6.767,-84.876,15.777,114.702,100.653
