phase,t_s,yJ,zJ,stem_deg,q1,q2,yE,zE,yI,zI,fk_err,theta1_LF,theta2_LF,theta1_RF,theta2_RF,theta1_LH,theta2_LH,theta1_RH,theta2_RH
0.0,0.0,96.057,-83.211,-18.0,33.625,-18.0,47.553,0.749,47.553,-67.451,0.0,111.375,71.0,65.625,124.0,86.375,66.0,92.625,116.0
0.01,0.007,96.654,-81.31,-16.87,34.921,-16.87,47.848,1.69,47.848,-66.51,0.0,110.079,69.87,66.921,125.13,85.079,64.87,93.921,117.13
0.02,0.013,97.211,-79.405,-15.744,36.218,-15.744,48.124,2.633,48.124,-65.567,0.0,108.782,68.744,68.218,126.256,83.782,63.744,95.218,118.256
0.03,0.02,97.727,-77.505,-14.627,37.511,-14.627,48.379,3.574,48.379,-64.626,0.0,107.489,67.627,69.511,127.373,82.489,62.627,96.511,119.373
0.04,0.027,98.2,-75.618,-13.524,38.796,-13.524,48.614,4.508,48.614,-63.692,0.0,106.204,66.524,70.796,128.476,81.204,61.524,97.796,120.476
0.05,0.033,98.63,-73.753,-12.438,40.067,-12.438,48.827,5.431,48.827,-62.769,0.0,104.933,65.438,72.067,129.562,79.933,60.438,99.067,121.562
0.06,0.04,99.017,-71.918,-11.374,41.318,-11.374,49.018,6.34,49.018,-61.86,0.0,103.682,64.374,73.318,130.626,78.682,59.374,100.318,122.626
0.07,0.047,99.361,-70.121,-10.336,42.544,-10.336,49.189,7.229,49.189,-60.971,0.0,102.456,63.336,74.544,131.664,77.456,58.336,101.544,123.664
0.08,0.053,99.664,-68.371,-9.328,43.74,-9.328,49.339,8.095,49.339,-60.105,0.0,101.26,62.328,75.74,132.672,76.26,57.328,102.74,124.672
0.09,0.06,99.928,-66.676,-8.355,44.901,-8.355,49.469,8.935,49.469,-59.265,0.0,100.099,61.355,76.901,133.645,75.099,56.355,103.901,125.645
0.1,0.067,100.154,-65.043,-7.42,46.021,-7.42,49.581,9.743,49.581,-58.457,0.0,98.979,60.42,78.021,134.58,73.979,55.42,105.021,126.58
0.11,0.073,100.345,-63.48,-6.526,47.096,-6.526,49.676,10.517,49.676,-57.683,0.0,97.904,59.526,79.096,135.474,72.904,54.526,106.096,127.474
0.12,0.08,100.504,-61.993,-5.678,48.12,-5.678,49.755,11.253,49.755,-56.947,0.0,96.88,58.678,80.12,136.322,71.88,53.678,107.12,128.322
0.13,0.087,100.634,-60.589,-4.879,49.089,-4.879,49.819,11.948,49.819,-56.252,0.0,95.911,57.879,81.089,137.121,70.911,52.879,108.089,129.121
0.14,0.093,100.738,-59.275,-4.131,49.999,-4.131,49.87,12.598,49.87,-55.602,0.0,95.001,57.131,81.999,137.869,70.001,52.131,108.999,129.869
0.15,0.1,100.818,-58.056,-3.438,50.845,-3.438,49.91,13.202,49.91,-54.998,0.0,94.155,56.438,82.845,138.562,69.155,51.438,109.845,130.562
0.16,0.107,100.879,-56.938,-2.802,51.623,-2.802,49.94,13.756,49.94,-54.444,0.0,93.377,55.802,83.623,139.198,68.377,50.802,110.623,131.198
0.17,0.113,100.924,-55.924,-2.226,52.329,-2.226,49.962,14.258,49.962,-53.942,0.0,92.671,55.226,84.329,139.774,67.671,50.226,111.329,131.774
0.18,0.12,100.955,-55.019,-1.713,52.961,-1.713,49.978,14.705,49.978,-53.495,0.0,92.039,54.713,84.961,140.287,67.039,49.713,111.961,132.287
0.19,0.127,100.975,-54.228,-1.264,53.515,-1.264,49.988,15.097,49.988,-53.103,0.0,91.485,54.264,85.515,140.736,66.485,49.264,112.515,132.736
0.2,0.133,100.988,-53.553,-0.881,53.988,-0.881,49.994,15.431,49.994,-52.769,0.0,91.012,53.881,85.988,141.119,66.012,48.881,112.988,133.119
0.21,0.14,100.995,-52.997,-0.566,54.379,-0.566,49.998,15.707,49.998,-52.493,0.0,90.621,53.566,86.379,141.434,65.621,48.566,113.379,133.434
0.22,0.147,100.998,-52.562,-0.319,54.684,-0.319,49.999,15.922,49.999,-52.278,0.0,90.316,53.319,86.684,141.681,65.316,48.319,113.684,133.681
0.23,0.153,101.0,-52.25,-0.142,54.904,-0.142,50.0,16.076,50.0,-52.124,0.0,90.096,53.142,86.904,141.858,65.096,48.142,113.904,133.858
0.24,0.16,101.0,-52.063,-0.036,55.036,-0.036,50.0,16.169,50.0,-52.031,0.0,89.964,53.036,87.036,141.964,64.964,48.036,114.036,133.964
0.25,0.167,101.0,-52.0,0.0,55.08,0.0,50.0,16.2,50.0,-52.0,0.0,89.92,53.0,87.08,142.0,64.92,48.0,114.08,134.0
0.26,0.173,101.0,-52.063,-0.036,55.036,-0.036,50.0,16.169,50.0,-52.031,0.0,89.964,53.036,87.036,141.964,64.964,48.036,114.036,133.964
0.27,0.18,101.0,-52.25,-0.142,54.904,-0.142,50.0,16.076,50.0,-52.124,0.0,90.096,53.142,86.904,141.858,65.096,48.142,113.904,133.858
0.28,0.187,100.998,-52.562,-0.319,54.684,-0.319,49.999,15.922,49.999,-52.278,0.0,90.316,53.319,86.684,141.681,65.316,48.319,113.684,133.681
0.29,0.193,100.995,-52.997,-0.566,54.379,-0.566,49.998,15.707,49.998,-52.493,0.0,90.621,53.566,86.379,141.434,65.621,48.566,113.379,133.434
0.3,0.2,100.988,-53.553,-0.881,53.988,-0.881,49.994,15.431,49.994,-52.769,0.0,91.012,53.881,85.988,141.119,66.012,48.881,112.988,133.119
0.31,0.207,100.975,-54.228,-1.264,53.515,-1.264,49.988,15.097,49.988,-53.103,0.0,91.485,54.264,85.515,140.736,66.485,49.264,112.515,132.736
0.32,0.213,100.955,-55.019,-1.713,52.961,-1.713,49.978,14.705,49.978,-53.495,0.0,92.039,54.713,84.961,140.287,67.039,49.713,111.961,132.287
0.33,0.22,100.924,-55.924,-2.226,52.329,-2.226,49.962,14.258,49.962,-53.942,0.0,92.671,55.226,84.329,139.774,67.671,50.226,111.329,131.774
0.34,0.227,100.879,-56.938,-2.802,51.623,-2.802,49.94,13.756,49.94,-54.444,0.0,93.377,55.802,83.623,139.198,68.377,50.802,110.623,131.198
0.35,0.233,100.818,-58.056,-3.438,50.845,-3.438,49.91,13.202,49.91,-54.998,0.0,94.155,56.438,82.845,138.562,69.155,51.438,109.845,130.562
0.36,0.24,100.738,-59.275,-4.131,49.999,-4.131,49.87,12.598,49.87,-55.602,0.0,95.001,57.131,81.999,137.869,70.001,52.131,108.999,129.869
0.37,0.247,100.634,-60.589,-4.879,49.089,-4.879,49.819,11.948,49.819,-56.252,0.0,95.911,57.879,81.089,137.121,70.911,52.879,108.089,129.121
0.38,0.253,100.504,-61.993,-5.678,48.12,-5.678,49.755,11.253,49.755,-56.947,0.0,96.88,58.678,80.12,136.322,71.88,53.678,107.12,128.322
0.39,0.26,100.345,-63.48,-6.526,47.096,-6.526,49.676,10.517,49.676,-57.683,0.0,97.904,59.526,79.096,135.474,72.904,54.526,106.096,127.474
0.4,0.267,100.154,-65.043,-7.42,46.021,-7.42,49.581,9.743,49.581,-58.457,0.0,98.979,60.42,78.021,134.58,73.979,55.42,105.021,126.58
0.41,0.273,99.928,-66.676,-8.355,44.901,-8.355,49.469,8.935,49.469,-59.265,0.0,100.099,61.355,76.901,133.645,75.099,56.355,103.901,125.645
0.42,0.28,99.664,-68.371,-9.328,43.74,-9.328,49.339,8.095,49.339,-60.105,0.0,101.26,62.328,75.74,132.672,76.26,57.328,102.74,124.672
0.43,0.287,99.361,-70.121,-10.336,42.544,-10.336,49.189,7.229,49.189,-60.971,0.0,102.456,63.336,74.544,131.664,77.456,58.336,101.544,123.664
0.44,0.293,99.017,-71.918,-11.374,41.318,-11.374,49.018,6.34,49.018,-61.86,0.0,103.682,64.374,73.318,130.626,78.682,59.374,100.318,122.626
0.45,0.3,98.63,-73.753,-12.438,40.067,-12.438,48.827,5.431,48.827,-62.769,0.0,104.933,65.438,72.067,129.562,79.933,60.438,99.067,121.562
0.46,0.307,98.2,-75.618,-13.524,38.796,-13.524,48.614,4.508,48.614,-63.692,0.0,106.204,66.524,70.796,128.476,81.204,61.524,97.796,120.476
0.47,0.313,97.727,-77.505,-14.627,37.511,-14.627,48.379,3.574,48.379,-64.626,0.0,107.489,67.627,69.511,127.373,82.489,62.627,96.511,119.373
0.48,0.32,97.211,-79.405,-15.744,36.218,-15.744,48.124,2.633,48.124,-65.567,0.0,108.782,68.744,68.218,126.256,83.782,63.744,95.218,118.256
0.49,0.327,96.654,-81.31,-16.87,34.921,-16.87,47.848,1.69,47.848,-66.51,0.0,110.079,69.87,66.921,125.13,85.079,64.87,93.921,117.13
0.5,0.333,96.057,-83.211,-18.0,33.625,-18.0,47.553,0.749,47.553,-67.451,0.0,111.375,71.0,65.625,124.0,86.375,66.0,92.625,116.0
0.51,0.34,95.422,-85.099,-19.13,32.336,-19.13,47.239,-0.186,47.239,-68.386,0.0,112.664,72.13,64.336,122.87,87.664,67.13,91.336,114.87
0.52,0.347,94.754,-86.968,-20.256,31.06,-20.256,46.908,-1.111,46.908,-69.311,0.0,113.94,73.256,63.06,121.744,88.94,68.256,90.06,113.744
0.53,0.353,94.054,-88.808,-21.373,29.799,-21.373,46.561,-2.022,46.561,-70.222,0.0,115.201,74.373,61.799,120.627,90.201,69.373,88.799,112.627
0.54,0.36,93.328,-90.613,-22.476,28.561,-22.476,46.202,-2.915,46.202,-71.115,0.0,116.439,75.476,60.561,119.524,91.439,70.476,87.561,111.524
0.55,0.367,92.579,-92.374,-23.562,27.348,-23.562,45.831,-3.787,45.831,-71.987,0.0,117.652,76.562,59.348,118.438,92.652,71.562,86.348,110.438
0.56,0.373,91.814,-94.086,-24.626,26.166,-24.626,45.452,-4.635,45.452,-72.835,0.0,118.834,77.626,58.166,117.374,93.834,72.626,85.166,109.374
0.57,0.38,91.036,-95.742,-25.664,25.019,-25.664,45.067,-5.455,45.067,-73.655,0.0,119.981,78.664,57.019,116.336,94.981,73.664,84.019,108.336
0.58,0.387,90.253,-97.336,-26.672,23.91,-26.672,44.68,-6.244,44.68,-74.444,0.0,121.09,79.672,55.91,115.328,96.09,74.672,82.91,107.328
0.59,0.393,89.47,-98.863,-27.645,22.844,-27.645,44.292,-7.0,44.292,-75.2,0.0,122.156,80.645,54.844,114.355,97.156,75.645,81.844,106.355
0.6,0.4,88.693,-100.317,-28.58,21.825,-28.58,43.907,-7.719,43.907,-75.919,0.0,123.175,81.58,53.825,113.42,98.175,76.58,80.825,105.42
0.61,0.407,87.929,-101.694,-29.474,20.855,-29.474,43.529,-8.401,43.529,-76.601,0.0,124.145,82.474,52.855,112.526,99.145,77.474,79.855,104.526
0.62,0.413,87.184,-102.991,-30.322,19.938,-30.322,43.16,-9.043,43.16,-77.243,0.0,125.062,83.322,51.938,111.678,100.062,78.322,78.938,103.678
0.63,0.42,86.463,-104.202,-31.121,19.078,-31.121,42.804,-9.643,42.804,-77.843,0.0,125.922,84.121,51.078,110.879,100.922,79.121,78.078,102.879
0.64,0.427,85.775,-105.326,-31.869,18.275,-31.869,42.463,-10.199,42.463,-78.399,0.0,126.725,84.869,50.275,110.131,101.725,79.869,77.275,102.131
0.65,0.433,85.123,-106.36,-32.562,17.535,-32.562,42.14,-10.711,42.14,-78.911,0.0,127.465,85.562,49.535,109.438,102.465,80.562,76.535,101.438
0.66,0.44,84.515,-107.301,-33.198,16.857,-33.198,41.839,-11.177,41.839,-79.377,0.0,128.143,86.198,48.857,108.802,103.143,81.198,75.857,100.802
0.67,0.447,83.955,-108.147,-33.774,16.246,-33.774,41.562,-11.596,41.562,-79.796,0.0,128.754,86.774,48.246,108.226,103.754,81.774,75.246,100.226
0.68,0.453,83.449,-108.897,-34.287,15.702,-34.287,41.311,-11.967,41.311,-80.167,0.0,129.298,87.287,47.702,107.713,104.298,82.287,74.702,99.713
0.69,0.46,83.0,-109.549,-34.736,15.227,-34.736,41.089,-12.29,41.089,-80.49,0.0,129.773,87.736,47.227,107.264,104.773,82.736,74.227,99.264
0.7,0.467,82.614,-110.103,-35.119,14.823,-35.119,40.898,-12.564,40.898,-80.764,0.0,130.177,88.119,46.823,106.881,105.177,83.119,73.823,98.881
0.71,0.473,82.293,-110.557,-35.434,14.491,-35.434,40.739,-12.789,40.739,-80.989,0.0,130.509,88.434,46.491,106.566,105.509,83.434,73.491,98.566
0.72,0.48,82.04,-110.911,-35.681,14.232,-35.681,40.614,-12.964,40.614,-81.164,0.0,130.768,88.681,46.232,106.319,105.768,83.681,73.232,98.319
0.73,0.487,81.858,-111.164,-35.858,14.046,-35.858,40.524,-13.089,40.524,-81.289,0.0,130.954,88.858,46.046,106.142,105.954,83.858,73.046,98.142
0.74,0.493,81.748,-111.316,-35.964,13.934,-35.964,40.469,-13.164,40.469,-81.364,0.0,131.066,88.964,45.934,106.036,106.066,83.964,72.934,98.036
0.75,0.5,81.711,-111.366,-36.0,13.897,-36.0,40.451,-13.189,40.451,-81.389,0.0,131.103,89.0,45.897,106.0,106.103,84.0,72.897,98.0
0.76,0.507,81.748,-111.316,-35.964,13.934,-35.964,40.469,-13.164,40.469,-81.364,0.0,131.066,88.964,45.934,106.036,106.066,83.964,72.934,98.036
0.77,0.513,81.858,-111.164,-35.858,14.046,-35.858,40.524,-13.089,40.524,-81.289,0.0,130.954,88.858,46.046,106.142,105.954,83.858,73.046,98.142
0.78,0.52,82.04,-110.911,-35.681,14.232,-35.681,40.614,-12.964,40.614,-81.164,0.0,130.768,88.681,46.232,106.319,105.768,83.681,73.232,98.319
0.79,0.527,82.293,-110.557,-35.434,14.491,-35.434,40.739,-12.789,40.739,-80.989,0.0,130.509,88.434,46.491,106.566,105.509,83.434,73.491,98.566
0.8,0.533,82.614,-110.103,-35.119,14.823,-35.119,40.898,-12.564,40.898,-80.764,0.0,130.177,88.119,46.823,106.881,105.177,83.119,73.823,98.881
0.81,0.54,83.0,-109.549,-34.736,15.227,-34.736,41.089,-12.29,41.089,-80.49,0.0,129.773,87.736,47.227,107.264,104.773,82.736,74.227,99.264
0.82,0.547,83.449,-108.897,-34.287,15.702,-34.287,41.311,-11.967,41.311,-80.167,0.0,129.298,87.287,47.702,107.713,104.298,82.287,74.702,99.713
0.83,0.553,83.955,-108.147,-33.774,16.246,-33.774,41.562,-11.596,41.562,-79.796,0.0,128.754,86.774,48.246,108.226,103.754,81.774,75.246,100.226
0.84,0.56,84.515,-107.301,-33.198,16.857,-33.198,41.839,-11.177,41.839,-79.377,0.0,128.143,86.198,48.857,108.802,103.143,81.198,75.857,100.802
0.85,0.567,85.123,-106.36,-32.562,17.535,-32.562,42.14,-10.711,42.14,-78.911,0.0,127.465,85.562,49.535,109.438,102.465,80.562,76.535,101.438
0.86,0.573,85.775,-105.326,-31.869,18.275,-31.869,42.463,-10.199,42.463,-78.399,0.0,126.725,84.869,50.275,110.131,101.725,79.869,77.275,102.131
0.87,0.58,86.463,-104.202,-31.121,19.078,-31.121,42.804,-9.643,42.804,-77.843,0.0,125.922,84.121,51.078,110.879,100.922,79.121,78.078,102.879
0.88,0.587,87.184,-102.991,-30.322,19.938,-30.322,43.16,-9.043,43.16,-77.243,0.0,125.062,83.322,51.938,111.678,100.062,78.322,78.938,103.678
0.89,0.593,87.929,-101.694,-29.474,20.855,-29.474,43.529,-8.401,43.529,-76.601,0.0,124.145,82.474,52.855,112.526,99.145,77.474,79.855,104.526
0.9,0.6,88.693,-100.317,-28.58,21.825,-28.58,43.907,-7.719,43.907,-75.919,0.0,123.175,81.58,53.825,113.42,98.175,76.58,80.825,105.42
0.91,0.607,89.47,-98.863,-27.645,22.844,-27.645,44.292,-7.0,44.292,-75.2,0.0,122.156,80.645,54.844,114.355,97.156,75.645,81.844,106.355
0.92,0.613,90.253,-97.336,-26.672,23.91,-26.672,44.68,-6.244,44.68,-74.444,0.0,121.09,79.672,55.91,115.328,96.09,74.672,82.91,107.328
0.93,0.62,91.036,-95.742,-25.664,25.019,-25.664,45.067,-5.455,45.067,-73.655,0.0,119.981,78.664,57.019,116.336,94.981,73.664,84.019,108.336
0.94,0.627,91.814,-94.086,-24.626,26.166,-24.626,45.452,-4.635,45.452,-72.835,0.0,118.834,77.626,58.166,117.374,93.834,72.626,85.166,109.374
0.95,0.633,92.579,-92.374,-23.562,27.348,-23.562,45.831,-3.787,45.831,-71.987,0.0,117.652,76.562,59.348,118.438,92.652,71.562,86.348,110.438
0.96,0.64,93.328,-90.613,-22.476,28.561,-22.476,46.202,-2.915,46.202,-71.115,0.0,116.439,75.476,60.561,119.524,91.439,70.476,87.561,111.524
0.97,0.647,94.054,-88.808,-21.373,29.799,-21.373,46.561,-2.022,46.561,-70.222,0.0,115.201,74.373,61.799,120.627,90.201,69.373,88.799,112.627
0.98,0.653,94.754,-86.968,-20.256,31.06,-20.256,46.908,-1.111,46.908,-69.311,0.0,113.94,73.256,63.06,121.744,88.94,68.256,90.06,113.744
0.99,0.66,95.422,-85.099,-19.13,32.336,-19.13,47.239,-0.186,47.239,-68.386,0.0,112.664,72.13,64.336,122.87,87.664,67.13,91.336,114.87
