eval,gen,fitness,speed,yaw,ok,power,pitch_rms,heave_rms,servo_rate,x0,x1,x2,x3,x4,x5,x6
1,0,-1.00000,0.00000,0.00,0,0.000000,0.000000,0.000000,0.0000,0.9803,0.3165,0.0169,0.3448,0.9263,0.4238,0.9965
2,0,-1.00000,0.00000,0.00,0,0.000000,0.000000,0.000000,0.0000,0.2716,0.5957,0.0919,0.9847,0.0486,0.0699,0.3848
3,0,-1.00000,0.00000,0.00,0,0.000000,0.000000,0.000000,0.0000,0.8401,0.1700,0.1149,0.4033,0.6793,0.3415,0.1698
4,0,-1.00000,0.00000,0.00,0,0.000000,0.000000,0.000000,0.0000,0.8434,0.7705,0.3174,0.9369,0.4615,0.1298,0.2193
5,0,-1.00000,0.00000,0.00,0,0.000000,0.000000,0.000000,0.0000,0.4196,0.6591,0.0004,0.5476,0.4605,0.0068,0.2986
6,0,-1.00000,0.00000,0.00,0,0.000000,0.000000,0.000000,0.0000,0.4962,0.1648,0.2370,0.9354,0.8893,0.1091,0.2337
7,0,-1.00000,0.00000,0.00,0,0.000000,0.000000,0.000000,0.0000,0.2759,0.9911,0.1819,0.4756,0.7239,0.7968,0.5360
8,0,-1000.00000,0.00000,0.00,0,0.000000,0.000000,0.000000,0.2711,0.6852,0.5901,0.0610,0.3239,0.5619,0.1040,0.6760
9,0,-1.00000,0.00000,0.00,0,0.000000,0.000000,0.000000,0.0000,0.7517,0.7793,0.2523,0.9322,0.4403,0.5425,0.6539
10,0,-1.00000,0.00000,0.00,0,0.000000,0.000000,0.000000,0.0000,0.4106,0.6466,0.1440,0.9904,0.9736,0.8224,0.0810
11,0,-0.01366,0.01773,1.68,1,0.112402,0.038022,0.005641,1.4862,0.0668,0.3487,0.2147,0.9295,0.7614,0.3400,0.4081
12,0,-0.01423,0.03347,34.52,1,0.226411,0.030115,0.005021,4.6248,0.7484,0.5690,0.3953,0.6000,0.6064,0.2226,0.6230
13,1,-1.00000,0.00000,0.00,0,0.000000,0.000000,0.000000,0.0000,0.2675,0.5212,0.2148,0.9579,0.3868,0.3935,0.3205
14,1,0.01129,0.03210,4.60,1,0.164303,0.026673,0.002232,3.5528,0.6033,0.3795,0.2520,0.7795,0.7321,0.2042,0.4148
15,1,-1.00000,0.00000,0.00,0,0.000000,0.000000,0.000000,0.0000,0.6440,0.6663,0.2526,0.4325,0.4238,0.0006,0.2885
16,1,-1000.00000,0.00000,0.00,0,0.000000,0.000000,0.000000,0.2830,0.8279,0.4653,0.3139,0.8844,0.7183,0.3053,0.8028
17,1,-1000.00000,0.00000,0.00,0,0.000000,0.000000,0.000000,0.2149,0.3850,0.1572,0.3027,0.9955,0.9845,0.3276,0.9259
18,1,-1.00000,0.00000,0.00,0,0.000000,0.000000,0.000000,0.0000,0.7102,0.5953,0.8476,0.7483,0.9892,0.6495,0.4819
19,1,-1.00000,0.00000,0.00,0,0.000000,0.000000,0.000000,0.0000,0.9804,0.5558,0.2895,0.9711,0.7711,0.0750,0.2912
20,1,-1.00000,0.00000,0.00,0,0.000000,0.000000,0.000000,0.0000,0.5538,0.6608,0.0097,0.9741,0.4416,0.0753,0.3811
21,1,-1.00000,0.00000,0.00,0,0.000000,0.000000,0.000000,0.0000,0.2579,0.6062,0.2963,0.5678,0.7782,0.1090,0.4491
22,1,-0.02154,0.01775,7.11,1,0.132633,0.042699,0.006646,1.5297,0.0130,0.6245,0.3758,0.8194,0.6217,0.4475,0.6144
23,1,-1000.00000,0.00000,0.00,0,0.000000,0.000000,0.000000,0.2641,0.6942,0.3795,0.2781,0.7751,0.8968,0.0184,0.6604
24,1,-1.00000,0.00000,0.00,0,0.000000,0.000000,0.000000,0.0000,0.3562,0.5137,0.0594,0.5802,0.3625,0.2309,0.4022
25,2,-1.00000,0.00000,0.00,0,0.000000,0.000000,0.000000,0.0000,0.2352,0.3066,0.0030,0.9798,0.1346,0.0658,0.2891
26,2,-1.00000,0.00000,0.00,0,0.000000,0.000000,0.000000,0.0000,0.6222,0.6100,0.3349,0.9907,0.3427,0.5174,0.3971
27,2,-1.00000,0.00000,0.00,0,0.000000,0.000000,0.000000,0.0000,0.4586,0.6971,0.0017,0.8336,0.3937,0.3055,0.7279
28,2,-0.03857,0.02747,48.10,1,0.178549,0.032582,0.009130,3.9232,0.8572,0.1838,0.0794,0.8935,0.1418,0.1608,0.4671
29,2,-1.00000,0.00000,0.00,0,0.000000,0.000000,0.000000,0.0000,0.7127,0.3137,0.0586,0.7222,0.4523,0.1316,0.2731
30,2,-1.00000,0.00000,0.00,0,0.000000,0.000000,0.000000,0.0000,0.2098,0.9395,0.0269,0.8324,0.7279,0.6994,0.1667
31,2,-1.00000,0.00000,0.00,0,0.000000,0.000000,0.000000,0.0000,0.3763,0.3846,0.1767,0.7857,0.9869,0.4125,0.2792
32,2,-0.05147,0.01892,59.44,1,0.197279,0.032258,0.007676,4.6576,0.8630,0.4189,0.2177,0.9366,0.2928,0.0734,0.4664
33,2,-1.00000,0.00000,0.00,0,0.000000,0.000000,0.000000,0.0000,0.9339,0.8549,0.1781,0.9946,0.5207,0.4744,0.6685
34,2,-0.02968,0.03776,43.35,1,0.163518,0.052323,0.006448,3.5367,0.6912,0.2455,0.3103,0.4559,0.6478,0.5618,0.4051
35,2,-0.01672,0.01984,31.80,1,0.205781,0.021032,0.002614,4.2562,0.6470,0.5951,0.6216,0.9557,0.6650,0.1940,0.6246
36,2,-1.00000,0.00000,0.00,0,0.000000,0.000000,0.000000,0.0000,0.7522,0.5671,0.1309,0.8673,0.3341,0.3073,0.0008
37,3,-1.00000,0.00000,0.00,0,0.000000,0.000000,0.000000,0.0000,0.7740,0.9988,0.2233,0.3657,0.3892,0.6457,0.1572
38,3,-1.00000,0.00000,0.00,0,0.000000,0.000000,0.000000,0.0000,0.4116,0.5365,0.1400,0.9702,0.2558,0.4066,0.8477
39,3,-1.00000,0.00000,0.00,0,0.000000,0.000000,0.000000,0.0000,0.7159,0.4800,0.4109,0.8197,0.7195,0.7378,0.4476
40,3,-1000.00000,0.00000,0.00,0,0.000000,0.000000,0.000000,0.2720,0.5793,0.4062,0.0852,0.7618,0.9389,0.5412,0.6661
41,3,-1.00000,0.00000,0.00,0,0.000000,0.000000,0.000000,0.0000,0.4544,0.4773,0.4278,0.8547,0.4099,0.1546,0.4663
42,3,-0.01440,0.02670,34.46,1,0.158069,0.023664,0.003356,3.1239,0.6254,0.1694,0.4807,0.6841,0.6319,0.1530,0.5000
43,3,-0.05035,0.01743,10.86,1,0.144254,0.100309,0.005260,2.8033,0.4146,0.3574,0.1588,0.7351,0.3271,0.5769,0.4622
44,3,-1.00000,0.00000,0.00,0,0.000000,0.000000,0.000000,0.0000,0.4300,0.5858,0.3175,0.2802,0.6335,0.1522,0.5289
45,3,-1.00000,0.00000,0.00,0,0.000000,0.000000,0.000000,0.0000,0.3171,0.7184,0.1634,0.7077,0.8879,0.5557,0.2607
46,3,-0.01939,0.02774,33.23,1,0.213044,0.032282,0.004621,4.5510,0.9911,0.2392,0.3529,0.7880,0.4727,0.1007,0.6215
47,3,-0.03210,0.01894,19.05,1,0.146482,0.057126,0.005004,2.8787,0.5375,0.1880,0.6997,0.9939,0.4789,0.2466,0.4619
48,3,-0.02816,0.02413,31.65,1,0.185846,0.033107,0.007510,4.5106,0.9981,0.2202,0.6518,0.8140,0.7222,0.4557,0.3637
49,4,-1.00000,0.00000,0.00,0,0.000000,0.000000,0.000000,0.0000,0.9809,0.4002,0.7467,0.9795,0.2875,0.5677,0.2892
50,4,-0.02176,0.02365,28.03,1,0.172973,0.028236,0.006475,3.7867,0.9665,0.0338,0.7545,0.7446,0.6361,0.3514,0.4993
51,4,-0.01583,0.02546,23.27,1,0.162340,0.033592,0.004632,3.0585,0.7454,0.0031,0.2630,0.8099,0.7189,0.0365,0.5923
52,4,-1.00000,0.00000,0.00,0,0.000000,0.000000,0.000000,0.0000,0.7988,0.6075,0.4366,0.6981,0.7477,0.1600,0.3286
53,4,-1.00000,0.00000,0.00,0,0.000000,0.000000,0.000000,0.0000,0.8840,0.6038,0.4210,0.5002,0.8409,0.6804,0.3450
54,4,-0.05737,0.01987,2.45,1,0.137843,0.125000,0.006567,2.1741,0.3464,0.1458,0.9016,0.9604,0.3716,0.5395,0.5550
55,4,-0.02427,0.02005,19.83,1,0.171241,0.030345,0.008082,3.7416,0.8422,0.1397,0.0562,0.4867,0.1881,0.2214,0.5223
56,4,-1.00000,0.00000,0.00,0,0.000000,0.000000,0.000000,0.0000,0.8524,0.5659,0.0217,0.8058,0.5900,0.0046,0.3628
57,4,-1.00000,0.00000,0.00,0,0.000000,0.000000,0.000000,0.0000,0.8241,0.2123,0.3051,0.9085,0.3138,0.3509,0.2726
58,4,-1000.00000,0.00000,0.00,0,0.000000,0.000000,0.000000,0.2582,0.8490,0.4219,0.6743,0.9157,0.8814,0.0115,0.7387
59,4,-0.00347,0.02332,11.24,1,0.153648,0.028326,0.002636,2.8288,0.4547,0.2995,0.2856,0.9060,0.0761,0.6049,0.5381
60,4,-1.00000,0.00000,0.00,0,0.000000,0.000000,0.000000,0.0000,0.9445,0.3262,0.7798,0.9793,0.6570,0.1610,0.0701
