AR,AR_eff,CP,CT,P_mW,St,T_mN,amax,b,c_mid,dt,eta,f,family,h0,pivot,psi,rate_pk,sweep,tag,taper,theta0
2,2.0000000000000004,5.989356942124406,3.321742897607545,86.5649245541418,0.8,192.03826126793618,30,0.0608276253029822,0.04055175020198813,6.390720367431641,0.5546076030708789,2.0,fishtail,0.05,0.25,90,553.9566201433953,0,maxT,0.5,44.082467177150384
2,2.0,6.154109927010699,3.352263323815526,88.94612003882652,0.8,193.80272340808511,30,0.0608276253029822,0.03578095606057776,4.365457773208618,0.544719441734746,2.0,fishtail,0.05,0.25,90,553.9566201433953,0,maxT,0.7,44.082467177150384
2,2.0,6.138245753634596,3.37561025568444,88.71683315800003,0.8,195.1524679067567,30,0.0608276253029822,0.0304138126514911,6.511003732681274,0.5499307768323977,2.0,rect,0.05,0.25,90,553.9566201433953,0,maxT,1.0,44.082467177150384
2,1.9999999999999998,5.5467340795041515,3.2970828949045563,80.16764099283346,0.8,190.6126048616697,30,0.0608276253029822,0.046790481002294,4.376074314117432,0.5944187782658761,2.0,fishtail,0.05,0.25,90,553.9566201433953,0,maxT,0.3,44.082467177150384
2,1.9999999999999998,7.3563382382708555,3.4532213552253186,106.32207610000847,0.8,199.63935959896375,30,0.0608276253029822,0.046790481002294,4.347308397293091,0.46942123151164616,2.0,delta,0.05,0.25,90,553.9566201433953,0,maxT,0.3,44.082467177150384
2,2.0000000000000004,6.811272029710296,3.4325677533686743,98.44416605440662,0.8,198.44532324162648,30,0.0608276253029822,0.04055175020198813,4.496050596237183,0.5039539954352215,2.0,delta,0.05,0.25,90,553.9566201433953,0,maxT,0.5,44.082467177150384
2,2.0,6.479982730962339,3.414631872107556,93.65600040844006,0.8,197.4084051062181,30,0.0608276253029822,0.03578095606057776,4.338141918182373,0.5269507672901546,2.0,delta,0.05,0.25,90,553.9566201433953,0,maxT,0.7,44.082467177150384
2,1.9999999999999996,6.621437308960982,3.431980615400002,95.70046110607673,0.8,198.41137932781265,30,0.0608276253029822,0.04094913821859919,4.387584209442139,0.5183135405896546,2.0,ellipse,0.05,0.25,90,553.9566201433953,0,maxT,1.0,44.082467177150384
2,2.0000000000000004,6.2925401435260095,3.3657331488419873,90.94686926189934,0.8,194.58144766742734,30,0.0608276253029822,0.03801726581436387,4.307850360870361,0.534876706715137,2.0,lunate,0.05,0.25,90,553.9566201433953,20,maxT,0.6,44.082467177150384
2,2.0000000000000004,5.767338733014881,3.29242981324752,83.35606762560569,0.8,190.34359857837222,30,0.0608276253029822,0.03801726581436387,4.431625127792358,0.5708750544510499,2.0,lunate,0.05,0.25,90,553.9566201433953,35,maxT,0.6,44.082467177150384
2,2.0,6.692740780534055,3.3924910248785762,96.73101909365626,0.8,196.1283873757927,30,0.0608276253029822,0.04344830378784443,4.3976922035217285,0.506891143124158,2.0,lunate,0.05,0.25,90,553.9566201433953,20,maxT,0.4,44.082467177150384
2,2.0,6.12979956549143,3.331477691870509,88.59475934499332,0.8,192.6010540612638,30,0.0608276253029822,0.04344830378784443,4.4298927783966064,0.543488845969048,2.0,lunate,0.05,0.25,90,553.9566201433953,35,maxT,0.4,44.082467177150384
3,3.0000000000000004,6.533061244852165,3.9297750484186964,94.42315080450396,0.8,227.1901199867059,30,0.0744983221287567,0.0248327740429189,4.310604810714722,0.6015212319515951,2.0,rect,0.05,0.25,90,553.9566201433953,0,maxT,1.0,44.082467177150384
3,3.0000000000000004,6.628482252545675,3.947937244698883,95.80228255632422,0.8,228.24012195915418,30,0.0744983221287567,0.03820426775833676,4.551247835159302,0.5956019936815361,2.0,fishtail,0.05,0.25,90,553.9566201433953,0,maxT,0.3,44.082467177150384
3,3.0000000000000013,6.793204814003562,3.9400793909032963,98.18303832739521,0.8,227.78583978659677,30,0.0744983221287567,0.033110365390558526,4.446469783782959,0.5800030322626499,2.0,fishtail,0.05,0.25,90,553.9566201433953,0,maxT,0.5,44.082467177150384
3,3.0000000000000004,6.752088626892987,3.938321086567345,97.58878093556271,0.8,227.68418781717463,30,0.0744983221287567,0.02921502828578694,4.48491096496582,0.5832744953733799,2.0,fishtail,0.05,0.25,90,553.9566201433953,0,maxT,0.7,44.082467177150384
3,3.0000000000000004,7.286866631750553,4.046631655064369,105.31799428701972,0.8,233.94589255840881,30,0.0744983221287567,0.03820426775833676,4.431612253189087,0.5553321968913585,2.0,delta,0.05,0.25,90,553.9566201433953,0,maxT,0.3,44.082467177150384
3,3.0000000000000013,6.972218474146513,4.013961129842487,100.7703451341488,0.8,232.05712781901875,30,0.0744983221287567,0.033110365390558526,4.517722845077515,0.575707881892477,2.0,delta,0.05,0.25,90,553.9566201433953,0,maxT,0.5,44.082467177150384
3,3.0000000000000004,6.762429051473404,3.980727652730602,97.73823238457655,0.8,230.13581742348794,30,0.0744983221287567,0.02921502828578694,4.417300224304199,0.5886535182004279,2.0,delta,0.05,0.25,90,553.9566201433953,0,maxT,0.7,44.082467177150384
3,3.0000000000000004,7.103140887617889,4.015595547768116,102.6625831413523,0.8,232.1516176053442,30,0.0744983221287567,0.0334348313474231,4.575682640075684,0.5653267492931267,2.0,ellipse,0.05,0.25,90,553.9566201433953,0,maxT,1.0,44.082467177150384
3,3.000000000000001,7.011429635181044,3.963563445713906,101.33706894597603,0.8,229.1435117053352,30,0.0744983221287567,0.035475391489884135,4.525486946105957,0.565300324177262,2.0,lunate,0.05,0.25,90,553.9566201433953,20,maxT,0.4,44.082467177150384
3,3.000000000000001,6.530835500611639,3.9385070523833248,94.3909818447776,0.8,227.69493896591095,30,0.0744983221287567,0.035475391489884135,4.35904598236084,0.6030632760562515,2.0,lunate,0.05,0.25,90,553.9566201433953,35,maxT,0.4,44.082467177150384
3,3.0000000000000004,6.763878460213004,3.934062217386119,97.75918087026606,0.8,227.43797194263502,30,0.0744983221287567,0.031040967553648623,4.48809814453125,0.5816281650427867,2.0,lunate,0.05,0.25,90,553.9566201433953,20,maxT,0.6,44.082467177150384
3,3.0000000000000004,6.329193855211144,3.9072524686558756,91.47662993859856,0.8,225.8880333441678,30,0.0744983221287567,0.031040967553648623,4.437275171279907,0.6173380936086889,2.0,lunate,0.05,0.25,90,553.9566201433953,35,maxT,0.6,44.082467177150384
4,3.9999999999999996,6.803983337680277,4.343751097567128,98.33882167741027,0.8,251.12311032809959,30,0.08602325267042626,0.02150581316760657,4.473423004150391,0.6384129534109161,2.0,rect,0.05,0.25,90,553.9566201433953,0,maxT,1.0,44.082467177150384
4,4.000000000000001,7.259773715844358,4.4117836216334485,104.92641698681297,0.8,255.05624062568373,30,0.08602325267042626,0.03308586641170241,4.430868864059448,0.6077026356902544,2.0,fishtail,0.05,0.25,90,553.9566201433953,0,maxT,0.3,44.082467177150384
4,3.999999999999999,7.26267639634978,4.3868696132636735,104.96836979099292,0.8,253.6158995168062,30,0.08602325267042626,0.02867441755680876,4.4353790283203125,0.6040293376514082,2.0,fishtail,0.05,0.25,90,553.9566201433953,0,maxT,0.5,44.082467177150384
4,3.999999999999999,7.114479210844934,4.368711527580393,102.8264573442432,0.8,252.5661351882415,30,0.08602325267042626,0.025300956667772437,4.614675998687744,0.6140592161575174,2.0,fishtail,0.05,0.25,90,553.9566201433953,0,maxT,0.7,44.082467177150384
4,4.000000000000001,7.365025498344803,4.471449962999448,106.4476341557647,0.8,258.50570098590555,30,0.08602325267042626,0.03308586641170241,4.4404919147491455,0.6071194137758722,2.0,delta,0.05,0.25,90,553.9566201433953,0,maxT,0.3,44.082467177150384
4,3.999999999999999,7.139364842426767,4.4371697509380885,103.18613248819938,0.8,256.52387622610826,30,0.08602325267042626,0.02867441755680876,4.427724361419678,0.6215076339241733,2.0,delta,0.05,0.25,90,553.9566201433953,0,maxT,0.5,44.082467177150384
4,3.999999999999999,6.981110504814662,4.399483281159094,100.89886276489943,0.8,254.34512719201018,30,0.08602325267042626,0.025300956667772437,4.396643161773682,0.6301982010061155,2.0,delta,0.05,0.25,90,553.9566201433953,0,maxT,0.7,44.082467177150384
4,3.9999999999999996,7.444055983490673,4.440784510571781,107.58987163638864,0.8,256.7328545174311,30,0.08602325267042626,0.0289554133181167,4.360987663269043,0.5965544214633115,2.0,ellipse,0.05,0.25,90,553.9566201433953,0,maxT,1.0,44.082467177150384
4,3.999999999999999,7.338312846499681,4.396968664579915,106.06155285956572,0.8,254.19975092102638,30,0.08602325267042626,0.030722590239437957,4.530205726623535,0.5991797783161065,2.0,lunate,0.05,0.25,90,553.9566201433953,20,maxT,0.4,44.082467177150384
4,3.999999999999999,6.934430259935679,4.444383948703502,100.22418735063287,0.8,256.94094703442124,30,0.08602325267042626,0.030722590239437957,4.447880744934082,0.640915516070779,2.0,lunate,0.05,0.25,90,553.9566201433953,35,maxT,0.4,44.082467177150384
4,3.999999999999999,7.167678981872789,4.371795648957487,103.59536028488017,0.8,252.7444359553548,30,0.08602325267042626,0.02688226645950821,4.412267684936523,0.60993184265281,2.0,lunate,0.05,0.25,90,553.9566201433953,20,maxT,0.6,44.082467177150384
4,3.999999999999999,6.811815066933642,4.436326729759149,98.4520146392753,0.8,256.4751390642009,30,0.08602325267042626,0.02688226645950821,4.378057956695557,0.6512694026727556,2.0,lunate,0.05,0.25,90,553.9566201433953,35,maxT,0.6,44.082467177150384
5,5.0,7.006820751261157,4.669829700896497,101.27045617057142,0.8,269.9745295830788,30,0.09617692030835673,0.019235384061671346,4.331505537033081,0.6664691258237162,2.0,rect,0.05,0.25,90,553.9566201433953,0,maxT,1.0,44.082467177150384
5,5.0,7.655118681674191,4.763005267288758,110.64038719607231,0.8,275.3612420151313,30,0.09617692030835673,0.029592898556417457,4.316441297531128,0.6221987490136571,2.0,fishtail,0.05,0.25,90,553.9566201433953,0,maxT,0.3,44.082467177150384
5,5.000000000000001,7.561808301370029,4.730172490369094,109.29176060573869,0.8,273.46309709946325,30,0.09617692030835673,0.025647178748895126,4.346865653991699,0.6255345681683169,2.0,fishtail,0.05,0.25,90,553.9566201433953,0,maxT,0.5,44.082467177150384
5,5.000000000000001,7.3573907866732995,4.70371210619374,106.33728871363753,0.8,271.9333561393256,30,0.09617692030835673,0.02262986360196629,4.332348823547363,0.6393179651016688,2.0,fishtail,0.05,0.25,90,553.9566201433953,0,maxT,0.7,44.082467177150384
5,5.0,7.455486622822102,4.797452401760266,107.75508009547572,0.8,277.3527169767654,30,0.09617692030835673,0.029592898556417457,4.412360429763794,0.6434794460062087,2.0,delta,0.05,0.25,90,553.9566201433953,0,maxT,0.3,44.082467177150384
5,5.000000000000001,7.278993701747356,4.765189597881261,105.20420584556724,0.8,275.48752362751037,30,0.09617692030835673,0.025647178748895126,4.357764720916748,0.6546495014465193,2.0,delta,0.05,0.25,90,553.9566201433953,0,maxT,0.5,44.082467177150384
5,5.000000000000001,7.151456253428293,4.726920331954369,103.3608911628308,0.8,273.27508169111195,30,0.09617692030835673,0.02262986360196629,4.397314786911011,0.6609731171449674,2.0,delta,0.05,0.25,90,553.9566201433953,0,maxT,0.7,44.082467177150384
5,5.000000000000001,7.673654417800335,4.767086813940526,110.90828650727047,0.8,275.59720643093664,30,0.09617692030835673,0.025898508998364676,4.387476444244385,0.6212277168597096,2.0,ellipse,0.05,0.25,90,553.9566201433953,0,maxT,1.0,44.082467177150384
5,5.000000000000001,7.625155761760623,4.749699183056864,110.2073293691965,0.8,274.5919840204749,30,0.09617692030835673,0.02747912008810192,4.350918769836426,0.6228986438383488,2.0,lunate,0.05,0.25,90,553.9566201433953,20,maxT,0.4,44.082467177150384
5,5.000000000000001,7.297010331122926,4.903870725709801,105.46460244201103,0.8,283.50502633009785,30,0.09617692030835673,0.02747912008810192,4.340287446975708,0.6720383421678878,2.0,lunate,0.05,0.25,90,553.9566201433953,35,maxT,0.4,44.082467177150384
5,5.000000000000001,7.506487019145038,4.732278639138636,108.49219519858062,0.8,273.5848588252024,30,0.09617692030835673,0.02404423007708918,4.402100324630737,0.630425207832788,2.0,lunate,0.05,0.25,90,553.9566201433953,20,maxT,0.6,44.082467177150384
5,5.000000000000001,7.234108643905643,4.914750018713206,104.55547649394873,0.8,284.1339854568572,30,0.09617692030835673,0.02404423007708918,4.596361398696899,0.6793857074366204,2.0,lunate,0.05,0.25,90,553.9566201433953,35,maxT,0.6,44.082467177150384
6,6.0,7.168630466303156,4.936881098673769,103.60911220828781,0.8,285.4134385170773,30,0.10535653752852739,0.017559422921421233,4.321608781814575,0.6886784193829014,2.0,rect,0.05,0.25,90,553.9566201433953,0,maxT,1.0,44.082467177150384
6,6.0,7.919160598035654,5.0415524984698745,114.45661801848405,0.8,291.46475381778964,30,0.10535653752852739,0.02701449680218651,4.387009620666504,0.6366271318857242,2.0,fishtail,0.05,0.25,90,553.9566201433953,0,maxT,0.3,44.082467177150384
6,6.0,7.76780512856911,5.006018516665797,112.26905849885043,0.8,289.41044549474145,30,0.10535653752852739,0.02341256389522831,4.4347755908966064,0.6444572738126793,2.0,fishtail,0.05,0.25,90,553.9566201433953,0,maxT,0.5,44.082467177150384
6,5.999999999999999,7.534297355349466,4.975629395455452,108.89414146403527,0.8,287.65357442476835,30,0.10535653752852739,0.020658144613436746,4.363329648971558,0.6603972687542893,2.0,fishtail,0.05,0.25,90,553.9566201433953,0,maxT,0.7,44.082467177150384
6,6.0,7.539066846186098,5.059148288359504,108.96307551128345,0.8,292.4820104207838,30,0.10535653752852739,0.02701449680218651,4.269040822982788,0.6710576244484225,2.0,delta,0.05,0.25,90,553.9566201433953,0,maxT,0.3,44.082467177150384
6,6.0,7.3957178210697565,5.030556801319948,106.89123413264882,0.8,290.8290650763095,30,0.10535653752852739,0.02341256389522831,4.266511917114258,0.6801985855907495,2.0,delta,0.05,0.25,90,553.9566201433953,0,maxT,0.5,44.082467177150384
6,5.999999999999999,7.289916319714617,4.993502816374018,105.36207180837535,0.8,288.6868815716229,30,0.10535653752852739,0.020658144613436746,4.3400559425354,0.6849876730230425,2.0,delta,0.05,0.25,90,553.9566201433953,0,maxT,0.7,44.082467177150384
6,6.000000000000001,7.83548850114396,5.02856049089356,113.24729474309629,0.8,290.7136533797839,30,0.10535653752852739,0.02364199597359143,4.376750707626343,0.6417673244188162,2.0,ellipse,0.05,0.25,90,553.9566201433953,0,maxT,1.0,44.082467177150384
6,5.999999999999999,7.877959905766473,5.049626934274223,113.86113926303106,0.8,291.93155713772853,30,0.10535653752852739,0.02508488988774462,4.440807819366455,0.6409815478469267,2.0,lunate,0.05,0.25,90,553.9566201433953,20,maxT,0.4,44.082467177150384
6,5.999999999999999,7.63172190868151,5.335174575216938,110.30223071141248,0.8,308.4397801297293,30,0.10535653752852739,0.02508488988774462,4.530086517333984,0.6990787451450345,2.0,lunate,0.05,0.25,90,553.9566201433953,35,maxT,0.4,44.082467177150384
6,6.0,7.795535808726693,5.040943326416311,112.66985348550298,0.8,291.42953605844303,30,0.10535653752852739,0.021949278651776538,4.486746788024902,0.6466448811348208,2.0,lunate,0.05,0.25,90,553.9566201433953,20,maxT,0.6,44.082467177150384
6,6.0,7.611443742912781,5.358200417191288,110.00914784678628,0.8,309.77096161887135,30,0.10535653752852739,0.021949278651776538,4.4552223682403564,0.7039663693475304,2.0,lunate,0.05,0.25,90,553.9566201433953,35,maxT,0.6,44.082467177150384
2,2.0,1.9777880949952877,1.2535032246776108,28.58521856047877,0.48,72.46815517667437,25,0.0608276253029822,0.0304138126514911,4.925119876861572,0.6337904590737247,1.5,rect,0.04,0.25,90,299.9030054479244,0,eff,1.0,31.820697176768526
2,1.9999999999999998,1.8149101970664594,1.229657900526538,26.231123941976175,0.48,71.08959737419049,25,0.0608276253029822,0.046790481002294,4.937471151351929,0.6775309888688171,1.5,fishtail,0.04,0.25,90,299.9030054479244,0,eff,0.3,31.820697176768526
2,2.0000000000000004,1.9355097159076984,1.2401848807453166,27.97416386272845,0.48,71.69818841808862,25,0.0608276253029822,0.04055175020198813,4.847156763076782,0.640753632261518,1.5,fishtail,0.04,0.25,90,299.9030054479244,0,eff,0.5,31.820697176768526
2,2.0,1.9807704982960455,1.250174581122985,28.628323608185035,0.48,72.27571797117258,25,0.0608276253029822,0.03578095606057776,4.894007444381714,0.6311556953208085,1.5,fishtail,0.04,0.25,90,299.9030054479244,0,eff,0.7,31.820697176768526
2,1.9999999999999998,2.244708599646479,1.3054666440377585,32.44305397926552,0.48,75.47229035843291,25,0.0608276253029822,0.046790481002294,4.787600755691528,0.5815751070064763,1.5,delta,0.04,0.25,90,299.9030054479244,0,eff,0.3,31.820697176768526
2,2.0000000000000004,2.134326017951459,1.2865199144001997,30.84768072820468,0.48,74.37693255126155,25,0.0608276253029822,0.04055175020198813,4.766106843948364,0.6027757257230132,1.5,delta,0.04,0.25,90,299.9030054479244,0,eff,0.5,31.820697176768526
2,2.0,2.06165941451499,1.2729754186658138,29.797421225411966,0.48,73.59389139161736,25,0.0608276253029822,0.03578095606057776,4.877585172653198,0.6174518495652125,1.5,delta,0.04,0.25,90,299.9030054479244,0,eff,0.7,31.820697176768526
2,1.9999999999999996,2.090108285597208,1.2947302824260727,30.208596315272153,0.48,74.85159445275735,25,0.0608276253029822,0.04094913821859919,4.789781093597412,0.6194560785907456,1.5,ellipse,0.04,0.25,90,299.9030054479244,0,eff,1.0,31.820697176768526
2,2.0,2.1011215324489814,1.272545736755209,30.367772148676686,0.48,73.56905040616053,25,0.0608276253029822,0.04344830378784443,4.8238818645477295,0.6056507046843606,1.5,lunate,0.04,0.25,90,299.9030054479244,20,eff,0.4,31.820697176768526
2,2.0,1.967309206169513,1.2456549521486104,28.433765870418743,0.48,72.01442692109154,25,0.0608276253029822,0.04344830378784443,4.866453170776367,0.6331770055475858,1.5,lunate,0.04,0.25,90,299.9030054479244,35,eff,0.4,31.820697176768526
2,2.0000000000000004,2.013842018988633,1.256980423930212,29.10631043069508,0.48,72.66918075846537,25,0.0608276253029822,0.03801726581436387,4.954143047332764,0.6241703232319472,1.5,lunate,0.04,0.25,90,299.9030054479244,20,eff,0.6,31.820697176768526
2,2.0000000000000004,1.8787002416299898,1.227121927461223,27.15308942980844,0.48,70.94298643135194,25,0.0608276253029822,0.03801726581436387,4.967105150222778,0.6531760098122693,1.5,lunate,0.04,0.25,90,299.9030054479244,35,eff,0.6,31.820697176768526
3,3.0000000000000004,2.1765042053239743,1.4763457960533664,31.457287342573068,0.48,85.35124133433524,25,0.0744983221287567,0.0248327740429189,4.931267738342285,0.6783105644556341,1.5,rect,0.04,0.25,90,299.9030054479244,0,eff,1.0,31.820697176768526
3,3.0000000000000004,2.2043483886681505,1.4861523614278103,31.859722804969362,0.48,85.91818339504529,25,0.0744983221287567,0.03820426775833676,4.953377962112427,0.6741912345016078,1.5,fishtail,0.04,0.25,90,299.9030054479244,0,eff,0.3,31.820697176768526
3,3.0000000000000013,2.2503497568685584,1.4857542290538892,32.52458632974088,0.48,85.89516636717795,25,0.0744983221287567,0.033110365390558526,4.902960538864136,0.660232581410531,1.5,fishtail,0.04,0.25,90,299.9030054479244,0,eff,0.5,31.820697176768526
3,3.0000000000000004,2.2383743214453613,1.4842975364740454,32.35150386463999,0.48,85.81095132740575,25,0.0744983221287567,0.02921502828578694,5.08028507232666,0.6631140834012097,1.5,fishtail,0.04,0.25,90,299.9030054479244,0,eff,0.7,31.820697176768526
3,3.0000000000000004,2.3599022339072047,1.527671139463078,34.107961974440066,0.48,88.3184877502092,25,0.0744983221287567,0.03820426775833676,4.838728666305542,0.6473450965524823,1.5,delta,0.04,0.25,90,299.9030054479244,0,eff,0.3,31.820697176768526
3,3.0000000000000013,2.2938478280675434,1.5133608169732407,33.15326939003871,0.48,87.49117223126545,25,0.0744983221287567,0.033110365390558526,4.8322227001190186,0.6597476948800803,1.5,delta,0.04,0.25,90,299.9030054479244,0,eff,0.5,31.820697176768526
3,3.0000000000000004,2.2418927236853534,1.4985926063567867,32.40235577201488,0.48,86.63738505500174,25,0.0744983221287567,0.02921502828578694,5.058492422103882,0.6684497391531354,1.5,delta,0.04,0.25,90,299.9030054479244,0,eff,0.7,31.820697176768526
3,3.0000000000000004,2.3354489107257157,1.5232818331599844,33.75453503783262,0.48,88.0647309795616,25,0.0744983221287567,0.0334348313474231,4.91204309463501,0.6522436976309797,1.5,ellipse,0.04,0.25,90,299.9030054479244,0,eff,1.0,31.820697176768526
3,3.000000000000001,2.3066792754845444,1.4981607094707667,33.338723903487555,0.48,86.6124160162787,25,0.0744983221287567,0.035475391489884135,4.813803195953369,0.6494880867892052,1.5,lunate,0.04,0.25,90,299.9030054479244,20,eff,0.4,31.820697176768526
3,3.000000000000001,2.1770863615415648,1.4799222590721897,31.46570131915542,0.48,85.55800560261095,25,0.0744983221287567,0.035475391489884135,4.827473163604736,0.6797719581616768,1.5,lunate,0.04,0.25,90,299.9030054479244,35,eff,0.4,31.820697176768526
3,3.0000000000000004,2.241898951998482,1.4829190567447348,32.40244579060307,0.48,85.73125796805499,25,0.0744983221287567,0.031040967553648623,4.962925672531128,0.6614566885018727,1.5,lunate,0.04,0.25,90,299.9030054479244,20,eff,0.6,31.820697176768526
3,3.0000000000000004,2.112997085008591,1.4613807931213665,30.53941099426479,0.48,84.486077102329,25,0.0744983221287567,0.031040967553648623,4.852138519287109,0.6916151486860309,1.5,lunate,0.04,0.25,90,299.9030054479244,35,eff,0.6,31.820697176768526
4,3.9999999999999996,2.3072413257767037,1.640127909226405,33.34684728661642,0.48,94.81989475215154,25,0.08602325267042626,0.02150581316760657,4.889714002609253,0.7108610143649696,1.5,rect,0.04,0.25,90,299.9030054479244,0,eff,1.0,31.820697176768526
4,4.000000000000001,2.4407409780636105,1.6688435191432054,35.27633444857561,0.48,96.48001595046654,25,0.08602325267042626,0.03308586641170241,4.988352060317993,0.6837446226953592,1.5,fishtail,0.04,0.25,90,299.9030054479244,0,eff,0.3,31.820697176768526
4,3.999999999999999,2.4410990821270615,1.66197637297827,35.28151017136769,0.48,96.08300906280624,25,0.08602325267042626,0.02867441755680876,4.798995018005371,0.6808311818011501,1.5,fishtail,0.04,0.25,90,299.9030054479244,0,eff,0.5,31.820697176768526
4,3.999999999999999,2.3976748081648376,1.6542223623079204,34.65389371175742,0.48,95.63473032092666,25,0.08602325267042626,0.025300956667772437,4.93423318862915,0.6899277402735235,1.5,fishtail,0.04,0.25,90,299.9030054479244,0,eff,0.7,31.820697176768526
4,4.000000000000001,2.455823084878751,1.6916128189907804,35.494318023638186,0.48,97.79636609790447,25,0.08602325267042626,0.03308586641170241,4.829002141952515,0.6888170525827185,1.5,delta,0.04,0.25,90,299.9030054479244,0,eff,0.3,31.820697176768526
4,3.999999999999999,2.4056379140515753,1.6789684696973521,34.76898547652668,0.48,97.06536465437819,25,0.08602325267042626,0.02867441755680876,4.890266180038452,0.6979306652469712,1.5,delta,0.04,0.25,90,299.9030054479244,0,eff,0.5,31.820697176768526
4,3.999999999999999,2.3627318343268757,1.6636460987797783,34.14885854300563,0.48,96.17954008570595,25,0.08602325267042626,0.025300956667772437,4.7599382400512695,0.7041197289550798,1.5,delta,0.04,0.25,90,299.9030054479244,0,eff,0.7,31.820697176768526
4,3.9999999999999996,2.496472481414638,1.6897870286592935,36.081828832945945,0.48,97.69081259436541,25,0.08602325267042626,0.0289554133181167,4.838843822479248,0.6768698798961996,1.5,ellipse,0.04,0.25,90,299.9030054479244,0,eff,1.0,31.820697176768526
4,3.999999999999999,2.4629688973706516,1.667296482280124,35.597597344810204,0.48,96.39057788181968,25,0.08602325267042626,0.030722590239437957,4.936274528503418,0.676945812860264,1.5,lunate,0.04,0.25,90,299.9030054479244,20,eff,0.4,31.820697176768526
4,3.999999999999999,2.3383208720867,1.6655270719515884,33.79604385437809,0.48,96.28828384720123,25,0.08602325267042626,0.030722590239437957,4.987715244293213,0.7122748172988271,1.5,lunate,0.04,0.25,90,299.9030054479244,35,eff,0.4,31.820697176768526
4,3.999999999999999,2.4111634172001444,1.6528241523116984,34.84884626422084,0.48,95.55389630552008,25,0.08602325267042626,0.02688226645950821,4.739017009735107,0.6854882338215659,1.5,lunate,0.04,0.25,90,299.9030054479244,20,eff,0.6,31.820697176768526
4,3.999999999999999,2.2892618007832426,1.6523701534949695,33.08698696444531,0.48,95.52764949892794,25,0.08602325267042626,0.02688226645950821,4.808590650558472,0.7217916941302351,1.5,lunate,0.04,0.25,90,299.9030054479244,35,eff,0.6,31.820697176768526
5,5.0,2.4020327759805173,1.7676852061395385,34.71687996534342,0.48,102.19430097994208,25,0.09617692030835673,0.019235384061671346,4.853456974029541,0.735912192296362,1.5,rect,0.04,0.25,90,299.9030054479244,0,eff,1.0,31.820697176768526
5,5.0,2.5946368413503382,1.806665170765783,37.50061059764161,0.48,104.44783018489686,25,0.09617692030835673,0.029592898556417457,4.8792808055877686,0.6963075301996916,1.5,fishtail,0.04,0.25,90,299.9030054479244,0,eff,0.3,31.820697176768526
5,5.000000000000001,2.5668835923152082,1.7963659974245412,37.099489420180745,0.48,103.85240922610627,25,0.09617692030835673,0.025647178748895126,4.7848145961761475,0.699823709498374,1.5,fishtail,0.04,0.25,90,299.9030054479244,0,eff,0.5,31.820697176768526
5,5.000000000000001,2.5061339044454107,1.7851943065114777,36.22146658768758,0.48,103.20654584519481,25,0.09617692030835673,0.02262986360196629,4.824632167816162,0.7123299769995842,1.5,fishtail,0.04,0.25,90,299.9030054479244,0,eff,0.7,31.820697176768526
5,5.0,2.5286844188506814,1.8180313895984848,36.54739199120126,0.48,105.10493971116242,25,0.09617692030835673,0.029592898556417457,5.013638973236084,0.7189633376334097,1.5,delta,0.04,0.25,90,299.9030054479244,0,eff,0.3,31.820697176768526
5,5.000000000000001,2.487303017044656,1.8067078143070399,35.94930141822354,0.48,104.45029551462574,25,0.09617692030835673,0.025647178748895126,4.806649446487427,0.7263722200014534,1.5,delta,0.04,0.25,90,299.9030054479244,0,eff,0.5,31.820697176768526
5,5.000000000000001,2.450375153141495,1.7914872005849471,35.41557838524817,0.48,103.57035378381727,25,0.09617692030835673,0.02262986360196629,4.850430727005005,0.7311073156647778,1.5,delta,0.04,0.25,90,299.9030054479244,0,eff,0.7,31.820697176768526
5,5.000000000000001,2.604903899823326,1.8169991650228339,37.64900167713401,0.48,105.04526422788258,25,0.09617692030835673,0.025898508998364676,4.782296657562256,0.6975302102876307,1.5,ellipse,0.04,0.25,90,299.9030054479244,0,eff,1.0,31.820697176768526
5,5.000000000000001,2.5855221962751065,1.802238472364958,37.36887549303865,0.48,104.19191168359913,25,0.09617692030835673,0.02747912008810192,4.885152816772461,0.6970500871976251,1.5,lunate,0.04,0.25,90,299.9030054479244,20,eff,0.4,31.820697176768526
5,5.000000000000001,2.467808419826979,1.8266027251516652,35.667543567811805,0.48,105.60047004783064,25,0.09617692030835673,0.02747912008810192,4.807378530502319,0.7401720127366007,1.5,lunate,0.04,0.25,90,299.9030054479244,35,eff,0.4,31.820697176768526
5,5.000000000000001,2.544144569713122,1.7896686034308342,36.77083948413497,0.48,103.4652161358451,25,0.09617692030835673,0.02404423007708918,4.7646942138671875,0.70344611101744,1.5,lunate,0.04,0.25,90,299.9030054479244,20,eff,0.6,31.820697176768526
5,5.000000000000001,2.431736971236105,1.8183434432326415,35.14619841239683,0.48,105.12298031188708,25,0.09617692030835673,0.02404423007708918,4.81807804107666,0.7477549853215982,1.5,lunate,0.04,0.25,90,299.9030054479244,35,eff,0.6,31.820697176768526
6,6.0,2.47575584023339,1.871378701543389,35.78240862837322,0.48,108.18908118297718,25,0.10535653752852739,0.017559422921421233,4.759364128112793,0.7558817679561542,1.5,rect,0.04,0.25,90,299.9030054479244,0,eff,1.0,31.820697176768526
6,6.0,2.701295715292061,1.9155014624287554,39.042164635080574,0.48,110.73992829666243,25,0.10535653752852739,0.02701449680218651,4.856801986694336,0.7091046906064683,1.5,fishtail,0.04,0.25,90,299.9030054479244,0,eff,0.3,31.820697176768526
6,6.0,2.6560879025773154,1.9036673403383033,38.388770466937764,0.48,110.05576811330816,25,0.10535653752852739,0.02341256389522831,4.828969717025757,0.7167185011049874,1.5,fishtail,0.04,0.25,90,299.9030054479244,0,eff,0.5,31.820697176768526
6,5.999999999999999,2.5858866196454087,1.8907397767669432,37.374142549562556,0.48,109.30839334433892,25,0.10535653752852739,0.020658144613436746,4.876055717468262,0.7311765962214585,1.5,fishtail,0.04,0.25,90,299.9030054479244,0,eff,0.7,31.820697176768526
6,6.0,2.585585131497927,1.9194452317755188,37.369785103680975,0.48,110.96792746202219,25,0.10535653752852739,0.02701449680218651,4.913512706756592,0.7423639656620055,1.5,delta,0.04,0.25,90,299.9030054479244,0,eff,0.3,31.820697176768526
6,6.0,2.55052296703865,1.9095537720573732,36.86302725798049,0.48,110.39607744706689,25,0.10535653752852739,0.02341256389522831,4.935218572616577,0.7486910711000221,1.5,delta,0.04,0.25,90,299.9030054479244,0,eff,0.5,31.820697176768526
6,5.999999999999999,2.518321042476782,1.8948742519318282,36.39760881704725,0.48,109.54741768980884,25,0.10535653752852739,0.020658144613436746,4.983999490737915,0.7524355393815118,1.5,delta,0.04,0.25,90,299.9030054479244,0,eff,0.7,31.820697176768526
6,6.000000000000001,2.682289445482967,1.9184433436613253,38.767464641746,0.48,110.91000580542035,25,0.10535653752852739,0.02364199597359143,4.864831447601318,0.7152260718514272,1.5,ellipse,0.04,0.25,90,299.9030054479244,0,eff,1.0,31.820697176768526
6,5.999999999999999,2.6865872342271286,1.914778580345158,38.829581119688974,0.48,110.69813667620447,25,0.10535653752852739,0.02508488988774462,4.975197076797485,0.7127178138684178,1.5,lunate,0.04,0.25,90,299.9030054479244,20,eff,0.4,31.820697176768526
6,5.999999999999999,2.5777902766407514,1.9724728958849116,37.257125092073366,0.48,114.03358929334648,25,0.10535653752852739,0.02508488988774462,4.874281644821167,0.7651797408652423,1.5,lunate,0.04,0.25,90,299.9030054479244,35,eff,0.4,31.820697176768526
6,6.0,2.6532953743096015,1.9047511108748236,38.34840970681846,0.48,110.11842359745074,25,0.10535653752852739,0.021949278651776538,4.870083808898926,0.7178812918145037,1.5,lunate,0.04,0.25,90,299.9030054479244,20,eff,0.6,31.820697176768526
6,6.0,2.5523345330900185,1.9675102603442043,36.889210048566675,0.48,113.74668692614931,25,0.10535653752852739,0.021949278651776538,4.854316711425781,0.7708669200044914,1.5,lunate,0.04,0.25,90,299.9030054479244,35,eff,0.6,31.820697176768526
