AR,AR_eff,CP,CT,P_mW,St,T_mN,amax,b,c_mid,dt,error,eta,f,family,h0,pivot,psi,rate_pk,sweep,taper,theta0
4.0,3.999999999999999,0.5123041334705907,0.6838487553765956,7.404395679067132,0.36,39.53500617020944,20,0.08602325267042626,0.02867441755680876,7.364254474639893,,1.3348491856661013,1.5,lunate,0.03,0.2,75,358.2822483846561,35.0,0.5,38.0149272349975
4.0,3.999999999999999,0.5309647364730968,0.7238382255869431,7.674099706837728,0.36,41.84689741674515,20,0.08602325267042626,0.02867441755680876,4.8022215366363525,,1.3632510331947796,1.5,lunate,0.03,0.3,75,358.2822483846561,35.0,0.5,38.0149272349975
4.0,3.999999999999999,0.5544737815179702,0.7665082030724351,8.013878873501914,0.36,44.31375549012516,20,0.08602325267042626,0.02867441755680876,7.879305124282837,,1.3824065783128339,1.5,lunate,0.03,0.4,75,358.2822483846561,35.0,0.5,38.0149272349975
4.0,3.999999999999999,1.08774710041523,0.8324251276038329,15.721344810688873,0.36,48.1245776895966,20,0.08602325267042626,0.02867441755680876,5.150380373001099,,0.7652745084643922,1.5,lunate,0.03,0.2,90,268.7681565963955,35.0,0.5,28.517187112008624
4.0,3.999999999999999,1.0757253949287182,0.842895027868761,15.547593598579134,0.36,48.72986879866276,20,0.08602325267042626,0.02867441755680876,4.85364294052124,,0.7835596629422461,1.5,lunate,0.03,0.3,90,268.7681565963955,35.0,0.5,28.517187112008624
4.0,3.999999999999999,1.0665571974784893,0.8548899321645437,15.415084494806292,0.36,49.42332420326269,20,0.08602325267042626,0.02867441755680876,4.9769275188446045,,0.8015415715028124,1.5,lunate,0.03,0.4,90,268.7681565963955,35.0,0.5,28.517187112008624
4.0,3.999999999999999,0.9006906665389007,0.4192970751902538,13.017794789820051,0.36,24.240612159436548,20,0.08602325267042626,0.02867441755680876,5.193084955215454,,0.4655283892321142,1.5,lunate,0.03,0.2,105,358.2822483846567,35.0,0.5,38.014927234997565
4.0,3.999999999999999,0.8402011558753916,0.4177533693406924,12.14353233101152,0.36,24.151366665008783,20,0.08602325267042626,0.02867441755680876,5.460349798202515,,0.49720637304460996,1.5,lunate,0.03,0.3,105,358.2822483846567,35.0,0.5,38.014927234997565
4.0,3.999999999999999,0.7851001095511969,0.41864600276314884,11.347150020857145,0.36,24.202972034744548,20,0.08602325267042626,0.02867441755680876,4.947006940841675,,0.5332390069369219,1.5,lunate,0.03,0.4,105,358.2822483846567,35.0,0.5,38.014927234997565
4.0,3.999999999999999,1.0204427293593517,0.9638356134276609,14.748586322771882,0.36,55.72174640128665,25,0.08602325267042626,0.02867441755680876,4.761330842971802,,0.9445269055253797,1.5,lunate,0.03,0.2,75,261.65771243454157,35.0,0.5,27.76274555471665
4.0,3.999999999999999,1.0389837703836502,0.9902543263718488,15.016562306326197,0.36,57.249078243372516,25,0.08602325267042626,0.02867441755680876,5.0669660568237305,,0.9530989362867451,1.5,lunate,0.03,0.3,75,261.65771243454157,35.0,0.5,27.76274555471665
4.0,3.999999999999999,1.0602818955468172,1.0182079504126544,15.324386771575094,0.36,58.8651471332316,25,0.08602325267042626,0.02867441755680876,4.959853172302246,,0.9603181518887823,1.5,lunate,0.03,0.4,75,261.65771243454157,35.0,0.5,27.76274555471665
4.0,3.999999999999999,1.3373176663642343,0.968192013541117,19.32841939667058,0.36,55.973600782845836,25,0.08602325267042626,0.02867441755680876,4.858613014221191,,0.7239805753657175,1.5,lunate,0.03,0.2,90,221.64320817548167,35.0,0.5,23.517074789249268
4.0,3.999999999999999,1.3286913355394658,0.9752257895968549,19.203741958968845,0.36,56.38024096106818,25,0.08602325267042626,0.02867441755680876,4.831505298614502,,0.733974673810077,1.5,lunate,0.03,0.3,90,221.64320817548167,35.0,0.5,23.517074789249268
4.0,3.999999999999999,1.32206285434825,0.9833325548748812,19.10793969175205,0.36,56.84891332870408,25,0.08602325267042626,0.02867441755680876,4.928119421005249,,0.7437865390746827,1.5,lunate,0.03,0.4,90,221.64320817548167,35.0,0.5,23.517074789249268
4.0,3.999999999999999,1.3353872757828695,0.7697315641048947,19.30051922029929,0.36,44.500106049814235,25,0.08602325267042626,0.02867441755680876,5.052485227584839,,0.5764107372175165,1.5,lunate,0.03,0.2,105,261.6577124345416,35.0,0.5,27.762745554716656
4.0,3.999999999999999,1.2926357893823464,0.763405125305442,18.682626643416725,0.36,44.134358806720876,25,0.08602325267042626,0.02867441755680876,5.1569647789001465,,0.5905802172398584,1.5,lunate,0.03,0.3,105,261.6577124345416,35.0,0.5,27.762745554716656
4.0,3.999999999999999,1.2528509814397726,0.7585200492888293,18.107611841121717,0.36,43.85194034951046,25,0.08602325267042626,0.02867441755680876,5.540319442749023,,0.6054351718806497,1.5,lunate,0.03,0.4,105,261.6577124345416,35.0,0.5,27.762745554716656
4.0,3.999999999999999,1.4050446823373015,1.1223872583823697,20.307286424406314,0.36,64.88801337523076,30,0.08602325267042626,0.02867441755680876,5.352346658706665,,0.798826736609736,1.5,lunate,0.03,0.2,75,193.26297244374496,35.0,0.5,20.50583825403651
4.0,3.999999999999999,1.4215644151352826,1.1403470067661332,20.546048187502137,0.36,65.92631132866708,30,0.08602325267042626,0.02867441755680876,5.019181966781616,,0.8021775127633681,1.5,lunate,0.03,0.3,75,193.26297244374496,35.0,0.5,20.50583825403651
4.0,3.999999999999999,1.439664425067735,1.1591725548093779,20.807649893557112,0.36,67.01466332491717,30,0.08602325267042626,0.02867441755680876,5.166550636291504,,0.8051685758331075,1.5,lunate,0.03,0.4,75,193.26297244374496,35.0,0.5,20.50583825403651
4.0,3.999999999999999,1.5926821431866829,1.087092009907099,23.01923410074503,0.36,62.847506822754184,30,0.08602325267042626,0.02867441755680876,4.953484296798706,,0.6825542777368089,1.5,lunate,0.03,0.2,90,174.5193183716348,35.0,0.5,18.517074789249268
4.0,3.999999999999999,1.58700828183506,1.0913925867564018,22.937229073397354,0.36,63.096133921854495,30,0.08602325267042626,0.02867441755680876,4.9376232624053955,,0.6877044053572443,1.5,lunate,0.03,0.3,90,174.5193183716348,35.0,0.5,18.517074789249268
4.0,3.999999999999999,1.582611283841356,1.0963762764045795,22.873678711769603,0.36,63.38425347963976,30,0.08602325267042626,0.02867441755680876,4.9726362228393555,,0.6927640966538706,1.5,lunate,0.03,0.4,90,174.5193183716348,35.0,0.5,18.517074789249268
4.0,3.999999999999999,1.5936353145603817,0.9649887929238296,23.03301040575552,0.36,55.78841459090891,30,0.08602325267042626,0.02867441755680876,4.918438911437988,,0.6055267375836424,1.5,lunate,0.03,0.4,105,193.26297244374493,35.0,0.5,20.505838254036505
4.0,,,,,,,20,,,,alpha cap unreachable,,1.5,lunate,0.04,0.2,75,,35.0,0.5,
4.0,,,,,,,20,,,,alpha cap unreachable,,1.5,lunate,0.04,0.3,75,,35.0,0.5,
4.0,,,,,,,20,,,,alpha cap unreachable,,1.5,lunate,0.04,0.4,75,,35.0,0.5,
4.0,3.999999999999999,1.6534601714054382,0.9785545289540319,23.89766653984423,0.36,56.57268370515498,30,0.08602325267042626,0.02867441755680876,4.814575672149658,,0.5918222560645428,1.5,lunate,0.03,0.2,105,193.26297244374493,35.0,0.5,20.505838254036505
4.0,3.999999999999999,1.6227154976599882,0.971357157656776,23.453309927117022,0.36,56.15658567703237,30,0.08602325267042626,0.02867441755680876,4.847165822982788,,0.5985997909414845,1.5,lunate,0.03,0.3,105,193.26297244374493,35.0,0.5,20.505838254036505
4.0,3.999999999999999,1.7656886164781875,1.3977924829337653,25.51971828503631,0.48,80.80987791960833,20,0.08602325267042626,0.02867441755680876,4.892017364501953,,0.7916415555319026,1.5,lunate,0.04,0.4,90,358.3572270798843,35.0,0.5,38.022882721645594
4.0,,,,,,,20,,,,alpha cap unreachable,,1.5,lunate,0.04,0.2,105,,35.0,0.5,
4.0,,,,,,,20,,,,alpha cap unreachable,,1.5,lunate,0.04,0.3,105,,35.0,0.5,
4.0,,,,,,,20,,,,alpha cap unreachable,,1.5,lunate,0.04,0.4,105,,35.0,0.5,
4.0,3.999999999999999,1.8008251930384283,1.3548181191752176,26.027551618133536,0.48,78.32542251481728,20,0.08602325267042626,0.02867441755680876,4.947417259216309,,0.752331833435377,1.5,lunate,0.04,0.2,90,358.3572270798843,35.0,0.5,38.022882721645594
4.0,3.999999999999999,1.780499014038021,1.3749195351813703,25.733774812268276,0.48,79.48753562767298,20,0.08602325267042626,0.02867441755680876,4.9452502727508545,,0.7722102199108604,1.5,lunate,0.04,0.3,90,358.3572270798843,35.0,0.5,38.022882721645594
4.0,3.999999999999999,0.9446768897895225,1.160487315697015,13.653533172739193,0.48,67.09067293873369,25,0.08602325267042626,0.02867441755680876,4.845436334609985,,1.2284489313119282,1.5,lunate,0.04,0.2,75,439.31747323498195,35.0,0.5,46.6130316346592
4.0,3.999999999999999,0.9834552851448286,1.226297980170181,14.214002168108854,0.48,70.8953519785886,25,0.08602325267042626,0.02867441755680876,4.940789461135864,,1.246928049188927,1.5,lunate,0.04,0.3,75,439.31747323498195,35.0,0.5,46.6130316346592
4.0,3.999999999999999,1.0301618756381696,1.2962629826813816,14.889058358832923,0.48,74.94020368626738,25,0.08602325267042626,0.02867441755680876,5.024191617965698,,1.2583099931536161,1.5,lunate,0.04,0.4,75,439.31747323498195,35.0,0.5,46.6130316346592
4.0,3.999999999999999,2.321654568638867,1.6521825671133223,33.555163687358636,0.48,95.51680466123896,25,0.08602325267042626,0.02867441755680876,5.154433012008667,,0.7116401334768587,1.5,lunate,0.04,0.2,90,299.9030054479244,35.0,0.5,31.820697176768526
4.0,3.999999999999999,2.3062775421594384,1.6660358166234925,33.33291760152314,0.48,96.31769564854568,25,0.08602325267042626,0.02867441755680876,4.775448322296143,,0.7223917270007026,1.5,lunate,0.04,0.3,90,299.9030054479244,35.0,0.5,31.820697176768526
4.0,3.999999999999999,2.2949328581717343,1.681941123177767,33.16895146576336,0.48,97.23722118371467,25,0.08602325267042626,0.02867441755680876,4.719247817993164,,0.7328933904051951,1.5,lunate,0.04,0.4,90,299.9030054479244,35.0,0.5,31.820697176768526
4.0,3.999999999999999,1.5869738389236174,0.7138049861784392,22.93673126569291,0.48,41.26685076344103,25,0.08602325267042626,0.02867441755680876,5.043884992599487,,0.4497900145994753,1.5,lunate,0.04,0.2,105,439.31747323498286,35.0,0.5,46.6130316346593
4.0,3.999999999999999,1.4863086706635935,0.7104971187117566,21.481805005684755,0.48,41.07561467552343,25,0.08602325267042626,0.02867441755680876,4.91741681098938,,0.47802797140014014,1.5,lunate,0.04,0.3,105,439.31747323498286,35.0,0.5,46.6130316346593
4.0,3.999999999999999,1.3947441709971233,0.7108868875180433,20.158411846442803,0.48,41.098148184636884,25,0.08602325267042626,0.02867441755680876,4.747211933135986,,0.5096898071348953,1.5,lunate,0.04,0.4,105,439.31747323498286,35.0,0.5,46.6130316346593
4.0,3.999999999999999,2.0006863541820263,1.7560449369861106,28.9161699627871,0.48,101.52134791950954,30,0.08602325267042626,0.02867441755680876,4.855810642242432,,0.8777212546661586,1.5,lunate,0.04,0.2,75,317.44848998025844,35.0,0.5,33.682330904944095
4.0,3.999999999999999,2.0375777735559195,1.7998518890357649,29.449366258425407,0.48,104.05393733488017,30,0.08602325267042626,0.02867441755680876,4.84361720085144,,0.883329172704273,1.5,lunate,0.04,0.3,75,317.44848998025844,35.0,0.5,33.682330904944095
4.0,3.999999999999999,2.0790327256592027,1.8460752377623428,30.04851986304317,0.48,106.72622468313546,30,0.08602325267042626,0.02867441755680876,4.830664157867432,,0.887949100068641,1.5,lunate,0.04,0.4,75,317.44848998025844,35.0,0.5,33.682330904944095
4.0,3.999999999999999,2.787999986633903,1.8824955410401265,40.29531230681814,0.48,108.83177346638233,30,0.08602325267042626,0.02867441755680876,4.932903289794922,,0.675213611931527,1.5,lunate,0.04,0.2,90,249.28420161837465,35.0,0.5,26.449875281520658
4.0,3.999999999999999,2.776555683048731,1.891911700714676,40.129906356563694,0.48,109.37614519756723,30,0.08602325267042626,0.02867441755680876,4.909275770187378,,0.6813879916995964,1.5,lunate,0.04,0.3,90,249.28420161837465,35.0,0.5,26.449875281520658
4.0,3.999999999999999,2.768006980438631,1.9028005439136857,40.006350889152095,0.48,110.00565644500996,30,0.08602325267042626,0.02867441755680876,4.9205169677734375,,0.6874262085900373,1.5,lunate,0.04,0.4,90,249.28420161837465,35.0,0.5,26.449875281520658
4.0,3.999999999999999,2.5442192058970248,1.4318956972407522,36.771918210230446,0.48,82.781469996731,30,0.08602325267042626,0.02867441755680876,4.91897988319397,,0.5628035878048108,1.5,lunate,0.04,0.2,105,317.4484899802586,35.0,0.5,33.68233090494411
4.0,,,,,,,20,,,,alpha cap unreachable,,1.5,lunate,0.05,0.2,75,,35.0,0.5,
4.0,,,,,,,20,,,,alpha cap unreachable,,1.5,lunate,0.05,0.3,75,,35.0,0.5,
4.0,,,,,,,20,,,,alpha cap unreachable,,1.5,lunate,0.05,0.4,75,,35.0,0.5,
4.0,3.999999999999999,2.4231974233453037,1.8071604079413526,35.0227752592876,0.6000000000000001,104.47646108410946,20,0.08602325267042626,0.02867441755680876,5.195915699005127,,0.7457751442499093,1.5,lunate,0.05,0.2,90,447.9388617124311,35.0,0.5,47.527789362993566
4.0,3.999999999999999,2.470827147620103,1.4197933203278388,35.71117361794681,0.48,82.08180133145319,30,0.08602325267042626,0.02867441755680876,4.927218198776245,,0.5746226811921593,1.5,lunate,0.04,0.3,105,317.4484899802586,35.0,0.5,33.68233090494411
4.0,3.999999999999999,2.402432886425481,1.409940353841127,34.722662811618285,0.48,81.51217670644017,30,0.08602325267042626,0.02867441755680876,5.4212353229522705,,0.5868802253780923,1.5,lunate,0.04,0.4,105,317.4484899802586,35.0,0.5,33.68233090494411
4.0,,,,,,,20,,,,alpha cap unreachable,,1.5,lunate,0.05,0.2,105,,35.0,0.5,
4.0,,,,,,,20,,,,alpha cap unreachable,,1.5,lunate,0.05,0.3,105,,35.0,0.5,
4.0,,,,,,,20,,,,alpha cap unreachable,,1.5,lunate,0.05,0.4,105,,35.0,0.5,
4.0,,,,,,,25,,,,alpha cap unreachable,,1.5,lunate,0.05,0.2,75,,35.0,0.5,
4.0,,,,,,,25,,,,alpha cap unreachable,,1.5,lunate,0.05,0.3,75,,35.0,0.5,
4.0,,,,,,,25,,,,alpha cap unreachable,,1.5,lunate,0.05,0.4,75,,35.0,0.5,
4.0,3.999999999999999,2.394091611778318,1.8412665917017998,34.60210532648351,0.6000000000000001,106.44822483276033,20,0.08602325267042626,0.02867441755680876,5.2209227085113525,,0.7690877753563145,1.5,lunate,0.05,0.3,90,447.9388617124311,35.0,0.5,47.527789362993566
4.0,3.999999999999999,2.374139558154548,1.8796646672494253,34.31373580145246,0.6000000000000001,108.66811357535741,20,0.08602325267042626,0.02867441755680876,4.8796210289001465,,0.7917245895647832,1.5,lunate,0.05,0.4,90,447.9388617124311,35.0,0.5,47.527789362993566
4.0,3.999999999999999,3.4218313553691595,2.4062214576131518,49.45615630806989,0.6000000000000001,139.10967801826035,25,0.08602325267042626,0.02867441755680876,4.841772079467773,,0.7031969748706566,1.5,lunate,0.05,0.2,90,374.87983170331745,35.0,0.5,39.77598552069386
4.0,3.999999999999999,3.3992502497254704,2.4296479374682067,49.12978876556345,0.6000000000000001,140.46402138488074,25,0.08602325267042626,0.02867441755680876,4.869229316711426,,0.714759949687267,1.5,lunate,0.05,0.3,90,374.87983170331745,35.0,0.5,39.77598552069386
4.0,,,,,,,25,,,,alpha cap unreachable,,1.5,lunate,0.05,0.3,105,,35.0,0.5,
4.0,,,,,,,25,,,,alpha cap unreachable,,1.5,lunate,0.05,0.4,105,,35.0,0.5,
4.0,3.999999999999999,3.383477689210012,2.45635607268539,48.90182597686346,0.6000000000000001,142.00808545212416,25,0.08602325267042626,0.02867441755680876,4.882424831390381,,0.7259855977530948,1.5,lunate,0.05,0.4,90,374.87983170331745,35.0,0.5,39.77598552069386
4.0,,,,,,,25,,,,alpha cap unreachable,,1.5,lunate,0.05,0.2,105,,35.0,0.5,
4.0,3.999999999999999,1.7442608766348442,1.8821066737969687,25.210020482612986,0.6000000000000001,108.80929207888727,30,0.08602325267042626,0.02867441755680876,4.885066509246826,,1.0790281998573898,1.5,lunate,0.05,0.2,75,484.45209998199846,35.0,0.5,51.40196426892277
4.0,3.999999999999999,1.811136991507013,1.9724333108913594,26.1765893303748,0.6000000000000001,114.03130078590674,30,0.08602325267042626,0.02867441755680876,4.784191846847534,,1.089058044830797,1.5,lunate,0.05,0.3,75,484.45209998199846,35.0,0.5,51.40196426892277
4.0,3.999999999999999,1.8886278880746448,2.0680347761324103,27.296574944828855,0.6000000000000001,119.55826049515498,30,0.08602325267042626,0.02867441755680876,4.92928671836853,,1.0949932430790594,1.5,lunate,0.05,0.4,75,484.45209998199846,35.0,0.5,51.40196426892277
4.0,3.999999999999999,4.336435039563835,2.8735843918584165,62.67503768119606,0.6000000000000001,166.12909765431473,30,0.08602325267042626,0.02867441755680876,4.9777936935424805,,0.662660541583357,1.5,lunate,0.05,0.2,90,311.6052606392559,35.0,0.5,33.06234501611733
4.0,3.999999999999999,4.319143972790685,2.8894412712878115,62.425127731740375,0.6000000000000001,167.04582349632662,30,0.08602325267042626,0.02867441755680876,4.9230101108551025,,0.6689847084261203,1.5,lunate,0.05,0.3,90,311.6052606392559,35.0,0.5,33.06234501611733
4.0,3.999999999999999,4.306819640352544,2.9077012116574585,62.24700261447038,0.6000000000000001,168.10147629894684,30,0.08602325267042626,0.02867441755680876,4.956134557723999,,0.6751388389738657,1.5,lunate,0.05,0.4,90,311.6052606392559,35.0,0.5,33.06234501611733
4.0,3.999999999999999,2.6669286060816346,1.244592821603058,38.54545250977363,0.6000000000000001,71.9530224989268,30,0.08602325267042626,0.02867441755680876,4.929592132568359,,0.46667646774079447,1.5,lunate,0.05,0.2,105,484.4520999819995,35.0,0.5,51.40196426892287
4.0,3.999999999999999,2.5251635464965227,1.2358942833625621,36.49650438295756,0.6000000000000001,71.45013825689814,30,0.08602325267042626,0.02867441755680876,4.978208303451538,,0.4894313816137865,1.5,lunate,0.05,0.3,105,484.4520999819995,35.0,0.5,51.40196426892287
4.0,,,,,,,20,,,,alpha cap unreachable,,2.0,lunate,0.03,0.3,75,,35.0,0.5,
4.0,,,,,,,20,,,,alpha cap unreachable,,2.0,lunate,0.03,0.4,75,,35.0,0.5,
4.0,3.999999999999999,2.395732010841654,1.2319229513059062,34.62581421919578,0.6000000000000001,71.22054562237273,30,0.08602325267042626,0.02867441755680876,4.811673879623413,,0.5142156742619616,1.5,lunate,0.05,0.4,105,484.4520999819995,35.0,0.5,51.40196426892287
4.0,,,,,,,20,,,,alpha cap unreachable,,2.0,lunate,0.03,0.2,75,,35.0,0.5,
4.0,3.999999999999999,1.6056183347619055,1.3767274017257773,23.20620249460567,0.48,79.59205291227151,20,0.08602325267042626,0.02867441755680876,4.360842943191528,,0.8574437473211403,2.0,lunate,0.03,0.4,90,477.8096361065121,35.0,0.5,38.02288272164558
4.0,,,,,,,20,,,,alpha cap unreachable,,2.0,lunate,0.03,0.2,105,,35.0,0.5,
4.0,,,,,,,20,,,,alpha cap unreachable,,2.0,lunate,0.03,0.3,105,,35.0,0.5,
4.0,,,,,,,20,,,,alpha cap unreachable,,2.0,lunate,0.03,0.4,105,,35.0,0.5,
4.0,3.999999999999999,1.681423051159952,1.3152182844635347,24.301817536296184,0.48,76.03605707054811,20,0.08602325267042626,0.02867441755680876,4.347185373306274,,0.7822054560012212,2.0,lunate,0.03,0.2,90,477.8096361065121,35.0,0.5,38.02288272164558
4.0,3.999999999999999,1.6383997055120296,1.343696433375358,23.679995743728558,0.48,77.6824500545129,20,0.08602325267042626,0.02867441755680876,4.325686693191528,,0.8201273650469978,2.0,lunate,0.03,0.3,90,477.8096361065121,35.0,0.5,38.02288272164558
4.0,3.999999999999999,0.7119397171696304,1.1579995308503184,10.289753724717317,0.48,66.94684787728404,25,0.08602325267042626,0.02867441755680876,4.304170846939087,,1.6265415496891114,2.0,lunate,0.03,0.2,75,585.7566309799756,35.0,0.5,46.61303163465918
4.0,3.999999999999999,0.7439380105468971,1.2444418385593885,10.752229058685625,0.48,71.94429379171466,25,0.08602325267042626,0.02867441755680876,4.246553659439087,,1.6727762540921278,2.0,lunate,0.03,0.3,75,585.7566309799756,35.0,0.5,46.61303163465918
4.0,3.999999999999999,0.7904784437883023,1.33789631566277,11.42488375787781,0.48,77.34713074925389,25,0.08602325267042626,0.02867441755680876,4.372317790985107,,1.6925146108362081,2.0,lunate,0.03,0.4,75,585.7566309799756,35.0,0.5,46.61303163465918
4.0,3.999999999999999,2.1931560561577963,1.589848817137754,31.697958624155657,0.48,91.91313474077641,25,0.08602325267042626,0.02867441755680876,4.500186920166016,,0.7249136752826518,2.0,lunate,0.03,0.2,90,399.8706739305659,35.0,0.5,31.820697176768526
4.0,3.999999999999999,2.1611347529241893,1.6096699851547618,31.23515072585743,0.48,93.05904601675968,25,0.08602325267042626,0.02867441755680876,4.298220157623291,,0.7448262922877663,2.0,lunate,0.03,0.3,90,399.8706739305659,35.0,0.5,31.820697176768526
4.0,3.999999999999999,2.1365428101349617,1.6328720843206448,30.879720302731872,0.48,94.4004173747873,25,0.08602325267042626,0.02867441755680876,4.234332084655762,,0.7642590059861702,2.0,lunate,0.03,0.4,90,399.8706739305659,35.0,0.5,31.820697176768526
4.0,3.999999999999999,1.6881158492154653,0.6864269393889945,24.398549383192275,0.48,39.68405743342625,25,0.08602325267042626,0.02867441755680876,4.248101234436035,,0.4066231234710606,2.0,lunate,0.03,0.2,105,585.7566309799772,35.0,0.5,46.61303163465931
4.0,3.999999999999999,1.5255035813184008,0.6885746483671314,22.048293948742515,0.48,39.80822185872479,25,0.08602325267042626,0.02867441755680876,4.267404556274414,,0.4513753076685916,2.0,lunate,0.03,0.3,105,585.7566309799772,35.0,0.5,46.61303163465931
4.0,3.999999999999999,1.380195229588232,0.6964722006781922,19.94813417764242,0.48,40.26479910170799,25,0.08602325267042626,0.02867441755680876,4.504035711288452,,0.5046186117350789,2.0,lunate,0.03,0.4,105,585.7566309799772,35.0,0.5,46.61303163465931
4.0,3.999999999999999,1.7530006971275556,1.7062246868570843,25.336338200671705,0.48,98.6411147089252,30,0.08602325267042626,0.02867441755680876,4.400139570236206,,0.9733166048666622,2.0,lunate,0.03,0.2,75,423.2646533070111,35.0,0.5,33.68233090494408
4.0,3.999999999999999,1.7912876240520115,1.7635844921260204,25.889703941376734,0.48,101.95722845103556,30,0.08602325267042626,0.02867441755680876,4.519767761230469,,0.9845345149745831,2.0,lunate,0.03,0.3,75,423.2646533070111,35.0,0.5,33.68233090494408
4.0,3.999999999999999,1.837859902135608,1.825010178906247,26.562818898053713,0.48,105.50840096801741,30,0.08602325267042626,0.02867441755680876,4.3979811668396,,0.9930083227701799,2.0,lunate,0.03,0.4,75,423.2646533070111,35.0,0.5,33.68233090494408
4.0,3.999999999999999,2.6643863142212587,1.8006422272442955,38.508708447729134,0.48,104.09962876256085,30,0.08602325267042626,0.02867441755680876,4.300745010375977,,0.6758187495684475,2.0,lunate,0.03,0.2,90,332.37893549116615,35.0,0.5,26.44987528152065
4.0,3.999999999999999,2.6409157618854637,1.8142362056054746,38.16948562100085,0.48,104.88553063656651,30,0.08602325267042626,0.02867441755680876,4.363735198974609,,0.6869723873018249,2.0,lunate,0.03,0.3,90,332.37893549116615,35.0,0.5,26.44987528152065
4.0,3.999999999999999,2.6227513251142107,1.8302621091513238,37.90695274579133,0.48,105.81202818531092,30,0.08602325267042626,0.02867441755680876,4.40529727935791,,0.6978405049787261,2.0,lunate,0.03,0.4,90,332.37893549116615,35.0,0.5,26.44987528152065
4.0,3.999999999999999,2.5657488596180253,1.3596016823370194,37.08308898666677,0.48,78.60197226010894,30,0.08602325267042626,0.02867441755680876,4.449522495269775,,0.5299044281907737,2.0,lunate,0.03,0.2,105,423.2646533070113,35.0,0.5,33.682330904944095
4.0,,,,,,,20,,,,alpha cap unreachable,,2.0,lunate,0.04,0.2,75,,35.0,0.5,
4.0,,,,,,,20,,,,alpha cap unreachable,,2.0,lunate,0.04,0.3,75,,35.0,0.5,
4.0,,,,,,,20,,,,alpha cap unreachable,,2.0,lunate,0.04,0.4,75,,35.0,0.5,
4.0,3.999999999999999,2.461983762961148,1.860448743876255,35.58335907404785,0.64,107.55719300534601,20,0.08602325267042626,0.02867441755680876,4.387847185134888,,0.7556705985902208,2.0,lunate,0.04,0.2,90,637.0763441446611,35.0,0.5,50.69692464876814
4.0,3.999999999999999,2.4520750962209434,1.3479853162982327,35.44014787506833,0.48,77.93040109849159,30,0.08602325267042626,0.02867441755680876,4.441575288772583,,0.5497324769439985,2.0,lunate,0.03,0.3,105,423.2646533070113,35.0,0.5,33.682330904944095
4.0,3.999999999999999,2.347741183857591,1.3399767817385877,33.93219679794175,0.48,77.4674076942621,30,0.08602325267042626,0.02867441755680876,4.332459449768066,,0.5707514912426854,2.0,lunate,0.03,0.4,105,423.2646533070113,35.0,0.5,33.682330904944095
4.0,,,,,,,20,,,,alpha cap unreachable,,2.0,lunate,0.04,0.2,105,,35.0,0.5,
4.0,,,,,,,20,,,,alpha cap unreachable,,2.0,lunate,0.04,0.3,105,,35.0,0.5,
4.0,,,,,,,20,,,,alpha cap unreachable,,2.0,lunate,0.04,0.4,105,,35.0,0.5,
4.0,,,,,,,25,,,,alpha cap unreachable,,2.0,lunate,0.04,0.2,75,,35.0,0.5,
4.0,,,,,,,25,,,,alpha cap unreachable,,2.0,lunate,0.04,0.3,75,,35.0,0.5,
4.0,,,,,,,25,,,,alpha cap unreachable,,2.0,lunate,0.04,0.4,75,,35.0,0.5,
4.0,3.999999999999999,2.3913772931495743,1.9170963719061382,34.562874940052446,0.64,110.83213400082363,20,0.08602325267042626,0.02867441755680876,4.379725933074951,,0.8016703919527554,2.0,lunate,0.04,0.3,90,637.0763441446611,35.0,0.5,50.69692464876814
4.0,3.999999999999999,2.3406751212345585,1.9815880584922267,33.83007011159323,0.64,114.56055963158188,20,0.08602325267042626,0.02867441755680876,4.474416971206665,,0.8465882516182186,2.0,lunate,0.04,0.4,90,637.0763441446611,35.0,0.5,50.69692464876814
4.0,3.999999999999999,3.629113643109612,2.5494034837554955,52.45203312306862,0.64,147.38738890461462,25,0.08602325267042626,0.02867441755680876,4.464869499206543,,0.702486539267212,2.0,lunate,0.04,0.2,90,533.1594925442358,35.0,0.5,42.42748434739082
4.0,3.999999999999999,3.5753303170887434,2.5888171016940307,51.67469598917325,0.64,149.66598869168618,25,0.08602325267042626,0.02867441755680876,4.343921661376953,,0.7240777416622045,2.0,lunate,0.04,0.3,90,533.1594925442358,35.0,0.5,42.42748434739082
4.0,,,,,,,25,,,,alpha cap unreachable,,2.0,lunate,0.04,0.3,105,,35.0,0.5,
4.0,,,,,,,25,,,,alpha cap unreachable,,2.0,lunate,0.04,0.4,105,,35.0,0.5,
4.0,3.999999999999999,3.536284858679831,2.634374946467907,51.11036709810694,0.64,152.2998015926759,25,0.08602325267042626,0.02867441755680876,4.408785104751587,,0.7449555258541514,2.0,lunate,0.04,0.4,90,533.1594925442358,35.0,0.5,42.42748434739082
4.0,,,,,,,25,,,,alpha cap unreachable,,2.0,lunate,0.04,0.2,105,,35.0,0.5,
4.0,3.999999999999999,0.8902136180837052,1.561147060165635,12.866368698866054,0.64,90.25381441582579,30,0.08602325267042626,0.02867441755680876,4.334812164306641,,1.7536769023217111,2.0,lunate,0.04,0.2,75,750.3159949163274,35.0,0.5,59.70824973592345
4.0,3.999999999999999,0.9634784683681766,1.710902899831849,13.925274738133805,0.64,98.91157389652878,30,0.08602325267042626,0.02867441755680876,4.407408714294434,,1.7757562374274638,2.0,lunate,0.04,0.3,75,750.3159949163274,35.0,0.5,59.70824973592345
4.0,3.999999999999999,1.062558965852162,1.87177810321634,15.35729755333203,0.64,108.21217159219468,30,0.08602325267042626,0.02867441755680876,4.3466362953186035,,1.7615757462600603,2.0,lunate,0.04,0.4,75,750.3159949163274,35.0,0.5,59.70824973592345
4.0,3.999999999999999,4.737810568357944,3.0877090024602043,68.47616837079842,0.64,178.5081767047306,30,0.08602325267042626,0.02867441755680876,4.407751083374023,,0.6517164327087815,2.0,lunate,0.04,0.2,90,443.1719108538358,35.0,0.5,35.26650012593438
4.0,3.999999999999999,4.6972483684597455,3.1146911723871047,67.88991782539478,0.64,180.06808340362952,30,0.08602325267042626,0.02867441755680876,4.366943836212158,,0.6630884569147085,2.0,lunate,0.04,0.3,90,443.1719108538358,35.0,0.5,35.26650012593438
4.0,3.999999999999999,4.667420098212522,3.1462388958850758,67.45880610697786,0.64,181.89193616835598,30,0.08602325267042626,0.02867441755680876,4.439640522003174,,0.6740852183179287,2.0,lunate,0.04,0.4,90,443.1719108538358,35.0,0.5,35.26650012593438
4.0,3.999999999999999,2.4937985989937337,0.7072161079604394,36.04318287608131,0.64,40.88593124146291,30,0.08602325267042626,0.02867441755680876,4.5050506591796875,,0.28358990507325105,2.0,lunate,0.04,0.2,105,750.3159949163296,35.0,0.5,59.70824973592364
4.0,3.999999999999999,2.213471155645357,0.7200015962594093,31.9915752964368,0.64,41.62509228374711,30,0.08602325267042626,0.02867441755680876,4.497706174850464,,0.32528167101842653,2.0,lunate,0.04,0.3,105,750.3159949163296,35.0,0.5,59.70824973592364
4.0,,,,,,,20,,,,alpha cap unreachable,,2.0,lunate,0.05,0.3,75,,35.0,0.5,
4.0,,,,,,,20,,,,alpha cap unreachable,,2.0,lunate,0.05,0.4,75,,35.0,0.5,
4.0,3.999999999999999,1.9654677051020955,0.741417349589189,28.40715042530373,0.64,42.863190523125,30,0.08602325267042626,0.02867441755680876,4.393803834915161,,0.3772218427525251,2.0,lunate,0.04,0.4,105,750.3159949163296,35.0,0.5,59.70824973592364
4.0,,,,,,,20,,,,alpha cap unreachable,,2.0,lunate,0.05,0.2,75,,35.0,0.5,
4.0,3.999999999999999,2.421815149598679,2.0752530379781673,35.002797084043415,0.8,119.97556625811283,20,0.08602325267042626,0.02867441755680876,4.463419198989868,,0.8568998498180422,2.0,lunate,0.05,0.4,90,796.3349434922449,35.0,0.5,63.37032130679796
4.0,,,,,,,20,,,,alpha cap unreachable,,2.0,lunate,0.05,0.2,105,,35.0,0.5,
4.0,,,,,,,20,,,,alpha cap unreachable,,2.0,lunate,0.05,0.3,105,,35.0,0.5,
4.0,,,,,,,20,,,,alpha cap unreachable,,2.0,lunate,0.05,0.4,105,,35.0,0.5,
4.0,,,,,,,25,,,,alpha cap unreachable,,2.0,lunate,0.05,0.2,75,,35.0,0.5,
4.0,,,,,,,25,,,,alpha cap unreachable,,2.0,lunate,0.05,0.3,75,,35.0,0.5,
4.0,3.999999999999999,2.58869682322916,1.8679412312479409,37.41475877323396,0.8,107.9903524315216,20,0.08602325267042626,0.02867441755680876,4.516130447387695,,0.7215758966003044,2.0,lunate,0.05,0.2,90,796.3349434922449,35.0,0.5,63.37032130679796
4.0,3.999999999999999,2.4889388960687437,1.9661479118694394,35.97294498224357,0.8,113.66792615495199,20,0.08602325267042626,0.02867441755680876,4.342258930206299,,0.7899542712659406,2.0,lunate,0.05,0.3,90,796.3349434922449,35.0,0.5,63.37032130679796
4.0,,,,,,,25,,,,alpha cap unreachable,,2.0,lunate,0.05,0.4,75,,35.0,0.5,
4.0,3.999999999999999,4.74328441351981,3.2830185185207017,68.55528253915351,0.8,189.7995081019781,25,0.08602325267042626,0.02867441755680876,4.370284795761108,,0.6921403467106244,2.0,lunate,0.05,0.2,90,666.4500170295448,35.0,0.5,53.03440726696494
4.0,,,,,,,25,,,,alpha cap unreachable,,2.0,lunate,0.05,0.2,105,,35.0,0.5,
4.0,,,,,,,25,,,,alpha cap unreachable,,2.0,lunate,0.05,0.3,105,,35.0,0.5,
4.0,,,,,,,25,,,,alpha cap unreachable,,2.0,lunate,0.05,0.4,105,,35.0,0.5,
4.0,,,,,,,30,,,,alpha cap unreachable,,2.0,lunate,0.05,0.2,75,,35.0,0.5,
4.0,,,,,,,30,,,,alpha cap unreachable,,2.0,lunate,0.05,0.3,75,,35.0,0.5,
4.0,,,,,,,30,,,,alpha cap unreachable,,2.0,lunate,0.05,0.4,75,,35.0,0.5,
4.0,3.999999999999999,4.666885396345137,3.3514118816786103,67.4510779940508,0.8,193.7534994095447,25,0.08602325267042626,0.02867441755680876,4.367457151412964,,0.7181260299006405,2.0,lunate,0.05,0.3,90,666.4500170295448,35.0,0.5,53.03440726696494
4.0,3.999999999999999,4.6151206831344815,3.429105196893486,66.70291612342805,0.8,198.24514419540466,25,0.08602325267042626,0.02867441755680876,4.402400970458984,,0.7430152822275751,2.0,lunate,0.05,0.4,90,666.4500170295448,35.0,0.5,53.03440726696494
4.0,3.999999999999999,6.902579919806669,4.417906635829928,99.76385040345578,0.8,255.41022738391771,30,0.08602325267042626,0.02867441755680876,4.438542604446411,,0.6400370132843991,2.0,lunate,0.05,0.2,90,553.9566201433953,35.0,0.5,44.082467177150384
4.0,3.999999999999999,6.843729241596033,4.464704485734592,98.91327419494269,0.8,258.1157280815312,30,0.08602325267042626,0.02867441755680876,4.320781230926514,,0.6523788899476354,2.0,lunate,0.05,0.3,90,553.9566201433953,35.0,0.5,44.082467177150384
4.0,,,,,,,30,,,,alpha cap unreachable,,2.0,lunate,0.05,0.3,105,,35.0,0.5,
4.0,,,,,,,30,,,,alpha cap unreachable,,2.0,lunate,0.05,0.4,105,,35.0,0.5,
4.0,,,,,,,20,,,,alpha cap unreachable,,2.5,lunate,0.03,0.2,75,,35.0,0.5,
4.0,,,,,,,20,,,,alpha cap unreachable,,2.5,lunate,0.03,0.3,75,,35.0,0.5,
4.0,3.999999999999999,6.8032128176185145,4.518753272039783,98.32768525464262,0.8,261.24042353979996,30,0.08602325267042626,0.02867441755680876,4.387059926986694,,0.6642087192006418,2.0,lunate,0.05,0.4,90,553.9566201433953,35.0,0.5,44.082467177150384
4.0,,,,,,,30,,,,alpha cap unreachable,,2.0,lunate,0.05,0.2,105,,35.0,0.5,
4.0,,,,,,,20,,,,alpha cap unreachable,,2.5,lunate,0.03,0.4,75,,35.0,0.5,
4.0,3.999999999999999,2.1342640648546554,1.7356829435713332,30.846785312352445,0.6,100.34417017521773,20,0.08602325267042626,0.02867441755680876,4.260395050048828,,0.8132465762569705,2.5,lunate,0.03,0.2,90,746.5647695207185,35.0,0.5,47.527789362993566
4.0,,,,,,,20,,,,alpha cap unreachable,,2.5,lunate,0.03,0.2,105,,35.0,0.5,
4.0,,,,,,,20,,,,alpha cap unreachable,,2.5,lunate,0.03,0.3,105,,35.0,0.5,
4.0,,,,,,,20,,,,alpha cap unreachable,,2.5,lunate,0.03,0.4,105,,35.0,0.5,
4.0,,,,,,,25,,,,alpha cap unreachable,,2.5,lunate,0.03,0.2,75,,35.0,0.5,
4.0,,,,,,,25,,,,alpha cap unreachable,,2.5,lunate,0.03,0.3,75,,35.0,0.5,
4.0,,,,,,,25,,,,alpha cap unreachable,,2.5,lunate,0.03,0.4,75,,35.0,0.5,
4.0,3.999999999999999,2.021805567300671,1.7984736464408075,29.22140858989252,0.6,103.9742576848592,20,0.08602325267042626,0.02867441755680876,4.465945720672607,,0.8895383787284572,2.5,lunate,0.03,0.3,90,746.5647695207185,35.0,0.5,47.527789362993566
4.0,3.999999999999999,1.93797169146372,1.8714933654257169,28.009747103186584,0.6,108.19571018867427,20,0.08602325267042626,0.02867441755680876,4.4634850025177,,0.9656969571171635,2.5,lunate,0.03,0.4,90,746.5647695207185,35.0,0.5,47.527789362993566
4.0,3.999999999999999,3.0714469850254478,2.2622048778918202,44.392007205445935,0.6,130.78371950312086,25,0.08602325267042626,0.02867441755680876,4.370572328567505,,0.7365274051354258,2.5,lunate,0.03,0.2,90,624.799719505529,35.0,0.5,39.77598552069386
4.0,3.999999999999999,2.986902018552093,2.306400108429314,43.170068236885726,0.6,133.33875626856974,25,0.08602325267042626,0.02867441755680876,4.579740762710571,,0.7721713314008695,2.5,lunate,0.03,0.3,90,624.799719505529,35.0,0.5,39.77598552069386
4.0,,,,,,,25,,,,alpha cap unreachable,,2.5,lunate,0.03,0.3,105,,35.0,0.5,
4.0,,,,,,,25,,,,alpha cap unreachable,,2.5,lunate,0.03,0.4,105,,35.0,0.5,
4.0,3.999999999999999,2.923216522957342,2.358510605678648,42.24961380836783,0.6,136.35139439079686,25,0.08602325267042626,0.02867441755680876,4.40081000328064,,0.8068203594075899,2.5,lunate,0.03,0.4,90,624.799719505529,35.0,0.5,39.77598552069386
4.0,,,,,,,25,,,,alpha cap unreachable,,2.5,lunate,0.03,0.2,105,,35.0,0.5,
4.0,3.999999999999999,1.0766414718236499,1.8613925841781287,15.560833772451193,0.6,107.61175877279808,30,0.08602325267042626,0.02867441755680876,4.376210689544678,,1.7288880587381072,2.5,lunate,0.03,0.2,75,807.420166636664,35.0,0.5,51.40196426892277
4.0,3.999999999999999,1.130380781539516,2.0076276184972697,16.33753473318832,0.6,116.06597169437342,30,0.08602325267042626,0.02867441755680876,4.44664454460144,,1.77606312075033,2.5,lunate,0.03,0.3,75,807.420166636664,35.0,0.5,51.40196426892277
4.0,3.999999999999999,1.2159114404890383,2.167272127962889,17.573720038318136,0.6,125.29541989785453,30,0.08602325267042626,0.02867441755680876,4.372859716415405,,1.7824259693544904,2.5,lunate,0.03,0.4,75,807.420166636664,35.0,0.5,51.40196426892277
4.0,3.999999999999999,3.984972103348096,2.66915068079934,57.59529993120296,0.6,154.31027373371188,30,0.08602325267042626,0.02867441755680876,4.4005467891693115,,0.669804106923803,2.5,lunate,0.03,0.2,90,519.3421010654265,35.0,0.5,33.06234501611732
4.0,3.999999999999999,3.922222570333976,2.6997426567636755,56.688373086858256,0.6,156.07887234415003,30,0.08602325267042626,0.02867441755680876,4.518481731414795,,0.6883195964409009,2.5,lunate,0.03,0.3,90,519.3421010654265,35.0,0.5,33.06234501611732
4.0,3.999999999999999,3.87446464331216,2.736176239272006,55.99812179787107,0.6,158.18518883291287,30,0.08602325267042626,0.02867441755680876,4.389693021774292,,0.7062075644424861,2.5,lunate,0.03,0.4,90,519.3421010654265,35.0,0.5,33.06234501611732
4.0,3.999999999999999,2.9850802222172526,1.1507965377523421,43.143737586733735,0.6,66.53042483880729,30,0.08602325267042626,0.02867441755680876,4.4174964427948,,0.38551611751913173,2.5,lunate,0.03,0.2,105,807.4201666366655,35.0,0.5,51.40196426892286
4.0,3.999999999999999,2.6512809611931987,1.157342433383754,38.31929514224545,0.6,66.90885942999829,30,0.08602325267042626,0.02867441755680876,4.463558673858643,,0.4365219870408969,2.5,lunate,0.03,0.3,105,807.4201666366655,35.0,0.5,51.40196426892286
4.0,,,,,,,20,,,,alpha cap unreachable,,2.5,lunate,0.04,0.3,75,,35.0,0.5,
4.0,,,,,,,20,,,,alpha cap unreachable,,2.5,lunate,0.04,0.4,75,,35.0,0.5,
4.0,3.999999999999999,2.3573504029987826,1.173956549763318,34.07108004334179,0.6,67.86936303319183,30,0.08602325267042626,0.02867441755680876,4.38323974609375,,0.49799832399541843,2.5,lunate,0.03,0.4,105,807.4201666366655,35.0,0.5,51.40196426892286
4.0,,,,,,,20,,,,alpha cap unreachable,,2.5,lunate,0.04,0.2,75,,35.0,0.5,
4.0,3.999999999999999,2.209234551905966,2.137357788398086,31.930343133015924,0.8,123.56599714176437,20,0.08602325267042626,0.02867441755680876,4.462273120880127,,0.9674653089931669,2.5,lunate,0.04,0.4,90,995.4186793653057,35.0,0.5,63.37032130679795
4.0,,,,,,,20,,,,alpha cap unreachable,,2.5,lunate,0.04,0.2,105,,35.0,0.5,
4.0,,,,,,,20,,,,alpha cap unreachable,,2.5,lunate,0.04,0.3,105,,35.0,0.5,
4.0,,,,,,,20,,,,alpha cap unreachable,,2.5,lunate,0.04,0.4,105,,35.0,0.5,
4.0,,,,,,,25,,,,alpha cap unreachable,,2.5,lunate,0.04,0.2,75,,35.0,0.5,
4.0,,,,,,,25,,,,alpha cap unreachable,,2.5,lunate,0.04,0.3,75,,35.0,0.5,
4.0,3.999999999999999,2.5191037819765496,1.8691056149406995,36.40892184887982,0.8,108.05766836375922,20,0.08602325267042626,0.02867441755680876,4.361830234527588,,0.7419724539789123,2.5,lunate,0.04,0.2,90,995.4186793653057,35.0,0.5,63.37032130679795
4.0,3.999999999999999,2.3366014876195003,1.9954491993083066,33.77119337575059,0.8,115.3619068350115,20,0.08602325267042626,0.02867441755680876,4.396612167358398,,0.8539963745984107,2.5,lunate,0.04,0.3,90,995.4186793653057,35.0,0.5,63.37032130679795
4.0,,,,,,,25,,,,alpha cap unreachable,,2.5,lunate,0.04,0.4,75,,35.0,0.5,
4.0,3.999999999999999,4.566616763879615,3.2068431132232402,66.00188291544758,0.8,185.39561748321862,25,0.08602325267042626,0.02867441755680876,4.469382047653198,,0.7022360927214821,2.5,lunate,0.04,0.2,90,833.062521286931,35.0,0.5,53.03440726696494
4.0,,,,,,,25,,,,alpha cap unreachable,,2.5,lunate,0.04,0.2,105,,35.0,0.5,
4.0,,,,,,,25,,,,alpha cap unreachable,,2.5,lunate,0.04,0.3,105,,35.0,0.5,
4.0,,,,,,,25,,,,alpha cap unreachable,,2.5,lunate,0.04,0.4,105,,35.0,0.5,
4.0,,,,,,,30,,,,alpha cap unreachable,,2.5,lunate,0.04,0.2,75,,35.0,0.5,
4.0,,,,,,,30,,,,alpha cap unreachable,,2.5,lunate,0.04,0.3,75,,35.0,0.5,
4.0,,,,,,,30,,,,alpha cap unreachable,,2.5,lunate,0.04,0.4,75,,35.0,0.5,
4.0,3.999999999999999,4.427989926342389,3.296312906970199,63.99829190416735,0.8,190.56808993421464,25,0.08602325267042626,0.02867441755680876,4.481372594833374,,0.7444264693016186,2.5,lunate,0.04,0.3,90,833.062521286931,35.0,0.5,53.03440726696494
4.0,3.999999999999999,4.330393935165887,3.3992709822855853,62.587724844194476,0.8,196.52035366338544,25,0.08602325267042626,0.02867441755680876,4.328197956085205,,0.7849796192168755,2.5,lunate,0.04,0.4,90,833.062521286931,35.0,0.5,53.03440726696494
4.0,3.999999999999999,6.685283436968649,4.2827670467316885,96.62323717493753,0.8,247.59746988917578,30,0.08602325267042626,0.02867441755680876,4.43936562538147,,0.6406260986704927,2.5,lunate,0.04,0.2,90,692.4457751792442,35.0,0.5,44.082467177150384
4.0,3.999999999999999,6.579878801722364,4.344922317551121,95.09981080614357,0.8,251.1908214834242,30,0.08602325267042626,0.02867441755680876,4.31167459487915,,0.660334703492378,2.5,lunate,0.04,0.3,90,692.4457751792442,35.0,0.5,44.082467177150384
4.0,,,,,,,30,,,,alpha cap unreachable,,2.5,lunate,0.04,0.3,105,,35.0,0.5,
4.0,,,,,,,30,,,,alpha cap unreachable,,2.5,lunate,0.04,0.4,105,,35.0,0.5,
4.0,,,,,,,20,,,,alpha cap unreachable,,2.5,lunate,0.05,0.2,75,,35.0,0.5,
4.0,,,,,,,20,,,,alpha cap unreachable,,2.5,lunate,0.05,0.3,75,,35.0,0.5,
4.0,3.999999999999999,6.504693412409864,4.417695631729917,94.01314697623633,0.8,255.39802870938587,30,0.08602325267042626,0.02867441755680876,4.302130699157715,,0.6791550887397237,2.5,lunate,0.04,0.4,90,692.4457751792442,35.0,0.5,44.082467177150384
4.0,,,,,,,30,,,,alpha cap unreachable,,2.5,lunate,0.04,0.2,105,,35.0,0.5,
4.0,,,,,,,20,,,,alpha cap unreachable,,2.5,lunate,0.05,0.4,75,,35.0,0.5,
4.0,3.999999999999999,1.5493081024849584,0.5943555307400886,22.392343668727918,1.0,34.36117912091137,20,0.08602325267042626,0.02867441755680876,4.376964569091797,,0.38362642639433236,2.5,lunate,0.05,0.2,90,1244.294570564887,35.0,0.5,79.21425262712359
4.0,,,,,,,20,,,,alpha cap unreachable,,2.5,lunate,0.05,0.2,105,,35.0,0.5,
4.0,,,,,,,20,,,,alpha cap unreachable,,2.5,lunate,0.05,0.3,105,,35.0,0.5,
4.0,,,,,,,20,,,,alpha cap unreachable,,2.5,lunate,0.05,0.4,105,,35.0,0.5,
4.0,,,,,,,25,,,,alpha cap unreachable,,2.5,lunate,0.05,0.2,75,,35.0,0.5,
4.0,,,,,,,25,,,,alpha cap unreachable,,2.5,lunate,0.05,0.3,75,,35.0,0.5,
4.0,,,,,,,25,,,,alpha cap unreachable,,2.5,lunate,0.05,0.4,75,,35.0,0.5,
4.0,3.999999999999999,1.284528194082891,0.8131412637406159,18.565446555104288,1.0,47.00972931000436,20,0.08602325267042626,0.02867441755680876,4.35114049911499,,0.6330271826545394,2.5,lunate,0.05,0.3,90,1244.294570564887,35.0,0.5,79.21425262712359
4.0,3.999999999999999,1.1094987742390796,1.0483643338243376,16.0357244714242,1.0,60.60856304921952,20,0.08602325267042626,0.02867441755680876,4.331361532211304,,0.9448990464575596,2.5,lunate,0.05,0.4,90,1244.294570564887,35.0,0.5,79.21425262712359
4.0,3.999999999999999,4.873957987028929,3.2460446977271418,70.4439240312775,1.0,187.66195908735043,25,0.08602325267042626,0.02867441755680876,4.419447422027588,,0.6659976771170053,2.5,lunate,0.05,0.2,90,1041.3146923988986,35.0,0.5,66.29215224380047
4.0,3.999999999999999,4.677816570504986,3.401976502249751,67.60906762057989,1.0,196.67676653631378,25,0.08602325267042626,0.02867441755680876,4.4385576248168945,,0.7272573541468506,2.5,lunate,0.05,0.3,90,1041.3146923988986,35.0,0.5,66.29215224380047
4.0,,,,,,,25,,,,alpha cap unreachable,,2.5,lunate,0.05,0.3,105,,35.0,0.5,
4.0,,,,,,,25,,,,alpha cap unreachable,,2.5,lunate,0.05,0.4,105,,35.0,0.5,
4.0,,,,,,,30,,,,alpha cap unreachable,,2.5,lunate,0.05,0.2,75,,35.0,0.5,
4.0,,,,,,,30,,,,alpha cap unreachable,,2.5,lunate,0.05,0.3,75,,35.0,0.5,
4.0,3.999999999999999,4.548786065103759,3.575885057851907,65.74417359720277,1.0,206.7308549070634,25,0.08602325267042626,0.02867441755680876,4.491886854171753,,0.7861185394680328,2.5,lunate,0.05,0.4,90,1041.3146923988986,35.0,0.5,66.29215224380047
4.0,,,,,,,25,,,,alpha cap unreachable,,2.5,lunate,0.05,0.2,105,,35.0,0.5,
4.0,,,,,,,30,,,,alpha cap unreachable,,2.5,lunate,0.05,0.4,75,,35.0,0.5,
4.0,3.999999999999999,8.73623589919737,5.492643822056671,126.265909480587,1.0,317.5434709626513,30,0.08602325267042626,0.02867441755680876,4.535070180892944,,0.6287197238528438,2.5,lunate,0.05,0.2,90,865.5590032014311,35.0,0.5,55.103197558880574
4.0,,,,,,,30,,,,alpha cap unreachable,,2.5,lunate,0.05,0.2,105,,35.0,0.5,
4.0,,,,,,,30,,,,alpha cap unreachable,,2.5,lunate,0.05,0.3,105,,35.0,0.5,
4.0,,,,,,,30,,,,alpha cap unreachable,,2.5,lunate,0.05,0.4,105,,35.0,0.5,
4.0,,,,,,,20,,,,alpha cap unreachable,,3.0,lunate,0.03,0.2,75,,35.0,0.5,
4.0,,,,,,,20,,,,alpha cap unreachable,,3.0,lunate,0.03,0.3,75,,35.0,0.5,
4.0,,,,,,,20,,,,alpha cap unreachable,,3.0,lunate,0.03,0.4,75,,35.0,0.5,
4.0,3.999999999999999,8.586924473614653,5.601334875949374,124.10789278271182,1.0,323.82717251582324,30,0.08602325267042626,0.02867441755680876,4.501534938812256,,0.6523097871840836,2.5,lunate,0.05,0.3,90,865.5590032014311,35.0,0.5,55.103197558880574
4.0,3.999999999999999,8.488164305153084,5.7258347582426845,122.6804997229157,1.0,331.0248219609053,30,0.08602325267042626,0.02867441755680876,4.306187868118286,,0.6745669089801413,2.5,lunate,0.05,0.4,90,865.5590032014311,35.0,0.5,55.103197558880574
4.0,3.999999999999999,2.3225023713169457,1.9508822584219903,33.56741708544023,0.72,112.78538056502133,20,0.08602325267042626,0.02867441755680876,4.78322434425354,,0.8399915033523807,3.0,lunate,0.03,0.2,90,1075.0683919194644,35.0,0.5,57.0341495786126
4.0,3.999999999999999,2.0785607443756975,2.0704571904782734,30.041698258555005,0.72,119.6983063245252,20,0.08602325267042626,0.02867441755680876,4.8397557735443115,,0.9961013629650463,3.0,lunate,0.03,0.3,90,1075.0683919194644,35.0,0.5,57.0341495786126
4.0,,,,,,,20,,,,alpha cap unreachable,,3.0,lunate,0.03,0.3,105,,35.0,0.5,
4.0,,,,,,,20,,,,alpha cap unreachable,,3.0,lunate,0.03,0.4,105,,35.0,0.5,
4.0,,,,,,,25,,,,alpha cap unreachable,,3.0,lunate,0.03,0.2,75,,35.0,0.5,
4.0,,,,,,,25,,,,alpha cap unreachable,,3.0,lunate,0.03,0.3,75,,35.0,0.5,
4.0,3.999999999999999,1.9023922673982827,2.208650061100791,27.49551323974081,0.72,127.6875816573895,20,0.08602325267042626,0.02867441755680876,4.853974103927612,,1.1609856173991642,3.0,lunate,0.03,0.4,90,1075.0683919194644,35.0,0.5,57.0341495786126
4.0,,,,,,,20,,,,alpha cap unreachable,,3.0,lunate,0.03,0.2,105,,35.0,0.5,
4.0,,,,,,,25,,,,alpha cap unreachable,,3.0,lunate,0.03,0.4,75,,35.0,0.5,
4.0,3.999999999999999,3.785075505982198,2.860046462183066,54.706169422398965,0.72,165.34643609495853,25,0.08602325267042626,0.02867441755680876,4.801085472106934,,0.7556114686914036,3.0,lunate,0.03,0.2,90,899.7066978522251,35.0,0.5,47.730922765355984
4.0,,,,,,,25,,,,alpha cap unreachable,,3.0,lunate,0.03,0.2,105,,35.0,0.5,
4.0,,,,,,,25,,,,alpha cap unreachable,,3.0,lunate,0.03,0.3,105,,35.0,0.5,
4.0,,,,,,,25,,,,alpha cap unreachable,,3.0,lunate,0.03,0.4,105,,35.0,0.5,
4.0,,,,,,,30,,,,alpha cap unreachable,,3.0,lunate,0.03,0.2,75,,35.0,0.5,
4.0,,,,,,,30,,,,alpha cap unreachable,,3.0,lunate,0.03,0.3,75,,35.0,0.5,
4.0,,,,,,,30,,,,alpha cap unreachable,,3.0,lunate,0.03,0.4,75,,35.0,0.5,
4.0,3.999999999999999,3.6004702940076374,2.9455761615891065,52.03804721807914,0.72,170.29112184187025,25,0.08602325267042626,0.02867441755680876,4.869462251663208,,0.8181087249883746,3.0,lunate,0.03,0.3,90,899.7066978522251,35.0,0.5,47.730922765355984
4.0,3.999999999999999,3.465270304755629,3.046431091145529,50.08398487342121,0.72,176.1217974568509,25,0.08602325267042626,0.02867441755680876,4.900306224822998,,0.8791323109671133,3.0,lunate,0.03,0.4,90,899.7066978522251,35.0,0.5,47.730922765355984
4.0,3.999999999999999,5.320128245103983,3.5765360781780013,76.89247854251852,0.72,206.76849201966573,30,0.08602325267042626,0.02867441755680876,4.7658751010894775,,0.6722650119326394,3.0,lunate,0.03,0.2,90,747.842286604155,35.0,0.5,39.67426552206573
4.0,3.999999999999999,5.181548916382661,3.636571428050546,74.88957418209316,0.72,210.23928568417224,30,0.08602325267042626,0.02867441755680876,4.714090347290039,,0.7018309557114645,3.0,lunate,0.03,0.3,90,747.842286604155,35.0,0.5,39.67426552206573
4.0,,,,,,,30,,,,alpha cap unreachable,,3.0,lunate,0.03,0.3,105,,35.0,0.5,
4.0,,,,,,,30,,,,alpha cap unreachable,,3.0,lunate,0.03,0.4,105,,35.0,0.5,
4.0,,,,,,,20,,,,alpha cap unreachable,,3.0,lunate,0.04,0.2,75,,35.0,0.5,
4.0,,,,,,,20,,,,alpha cap unreachable,,3.0,lunate,0.04,0.3,75,,35.0,0.5,
4.0,3.999999999999999,5.078637751495012,3.7083462434792502,73.40218625207635,0.72,214.3887672011442,30,0.08602325267042626,0.02867441755680876,4.923517465591431,,0.7301852238600036,3.0,lunate,0.03,0.4,90,747.842286604155,35.0,0.5,39.67426552206573
4.0,,,,,,,30,,,,alpha cap unreachable,,3.0,lunate,0.03,0.2,105,,35.0,0.5,
4.0,,,,,,,20,,,,alpha cap unreachable,,3.0,lunate,0.04,0.4,75,,35.0,0.5,
4.0,3.999999999999999,1.9426840769710112,1.082866992336209,28.07785579997165,0.96,62.603247994437105,20,0.08602325267042626,0.02867441755680876,4.798846244812012,,0.5574076635376508,3.0,lunate,0.04,0.2,90,1433.4281153369368,35.0,0.5,76.04572337425766
4.0,,,,,,,20,,,,alpha cap unreachable,,3.0,lunate,0.04,0.2,105,,35.0,0.5,
4.0,,,,,,,20,,,,alpha cap unreachable,,3.0,lunate,0.04,0.3,105,,35.0,0.5,
4.0,,,,,,,20,,,,alpha cap unreachable,,3.0,lunate,0.04,0.4,105,,35.0,0.5,
4.0,,,,,,,25,,,,alpha cap unreachable,,3.0,lunate,0.04,0.2,75,,35.0,0.5,
4.0,,,,,,,25,,,,alpha cap unreachable,,3.0,lunate,0.04,0.3,75,,35.0,0.5,
4.0,,,,,,,25,,,,alpha cap unreachable,,3.0,lunate,0.04,0.4,75,,35.0,0.5,
4.0,3.999999999999999,1.5434403986931393,1.3208689580387931,22.307537012361784,0.96,76.36273663661774,20,0.08602325267042626,0.02867441755680876,4.934282064437866,,0.8557952475244255,3.0,lunate,0.04,0.3,90,1433.4281153369368,35.0,0.5,76.04572337425766
4.0,3.999999999999999,1.2734636849698622,1.5809854427057046,18.405529821830044,0.96,91.40072090642357,20,0.08602325267042626,0.02867441755680876,4.989076614379883,,1.2414845129589387,3.0,lunate,0.04,0.4,90,1433.4281153369368,35.0,0.5,76.04572337425766
4.0,3.999999999999999,4.814747993768492,3.3157226978984324,69.58815459743525,0.96,191.69021847225315,25,0.08602325267042626,0.02867441755680876,4.827227592468262,,0.6886596561626529,3.0,lunate,0.04,0.2,90,1199.5586607752168,35.0,0.5,63.63856346368994
4.0,3.999999999999999,4.515012365009154,3.48834752187578,65.25603808802293,0.96,201.67009110844356,25,0.08602325267042626,0.02867441755680876,4.860685110092163,,0.7726108457443189,3.0,lunate,0.04,0.3,90,1199.5586607752168,35.0,0.5,63.63856346368994
4.0,,,,,,,25,,,,alpha cap unreachable,,3.0,lunate,0.04,0.3,105,,35.0,0.5,
4.0,,,,,,,25,,,,alpha cap unreachable,,3.0,lunate,0.04,0.4,105,,35.0,0.5,
4.0,,,,,,,30,,,,alpha cap unreachable,,3.0,lunate,0.04,0.2,75,,35.0,0.5,
4.0,,,,,,,30,,,,alpha cap unreachable,,3.0,lunate,0.04,0.3,75,,35.0,0.5,
4.0,3.999999999999999,4.310583467998591,3.684092386698198,62.30140168591715,0.96,212.98659110598962,25,0.08602325267042626,0.02867441755680876,4.88800835609436,,0.8546621157086018,3.0,lunate,0.04,0.4,90,1199.5586607752168,35.0,0.5,63.63856346368994
4.0,,,,,,,25,,,,alpha cap unreachable,,3.0,lunate,0.04,0.2,105,,35.0,0.5,
4.0,,,,,,,30,,,,alpha cap unreachable,,3.0,lunate,0.04,0.4,75,,35.0,0.5,
4.0,3.999999999999999,8.17183045485216,5.195320799948965,118.10848704278513,0.96,300.3544837470495,30,0.08602325267042626,0.02867441755680876,4.773797035217285,,0.6357597393450762,3.0,lunate,0.04,0.2,90,997.1350052075964,35.0,0.5,52.89965500291726
4.0,,,,,,,30,,,,alpha cap unreachable,,3.0,lunate,0.04,0.2,105,,35.0,0.5,
4.0,,,,,,,30,,,,alpha cap unreachable,,3.0,lunate,0.04,0.3,105,,35.0,0.5,
4.0,,,,,,,30,,,,alpha cap unreachable,,3.0,lunate,0.04,0.4,105,,35.0,0.5,
4.0,,,,,,,20,,,,alpha cap unreachable,,3.0,lunate,0.05,0.2,75,,35.0,0.5,
4.0,,,,,,,20,,,,alpha cap unreachable,,3.0,lunate,0.05,0.3,75,,35.0,0.5,
4.0,,,,,,,20,,,,alpha cap unreachable,,3.0,lunate,0.05,0.4,75,,35.0,0.5,
4.0,,,,,,,20,,,,alpha cap unreachable,,3.0,lunate,0.05,0.2,90,,35.0,0.5,
4.0,,,,,,,20,,,,alpha cap unreachable,,3.0,lunate,0.05,0.3,90,,35.0,0.5,
4.0,,,,,,,20,,,,alpha cap unreachable,,3.0,lunate,0.05,0.4,90,,35.0,0.5,
4.0,,,,,,,20,,,,alpha cap unreachable,,3.0,lunate,0.05,0.2,105,,35.0,0.5,
4.0,,,,,,,20,,,,alpha cap unreachable,,3.0,lunate,0.05,0.3,105,,35.0,0.5,
4.0,,,,,,,20,,,,alpha cap unreachable,,3.0,lunate,0.05,0.4,105,,35.0,0.5,
4.0,,,,,,,25,,,,alpha cap unreachable,,3.0,lunate,0.05,0.2,75,,35.0,0.5,
4.0,,,,,,,25,,,,alpha cap unreachable,,3.0,lunate,0.05,0.3,75,,35.0,0.5,
4.0,,,,,,,25,,,,alpha cap unreachable,,3.0,lunate,0.05,0.4,75,,35.0,0.5,
4.0,3.999999999999999,3.8325337707722795,1.819375248233443,55.39208965569311,1.2000000000000002,105.18263153849594,25,0.08602325267042626,0.02867441755680876,4.699850082397461,,0.47471864751940007,3.0,lunate,0.05,0.2,90,1499.4581544581124,35.0,0.5,79.54872574715309
4.0,3.999999999999999,7.943801012683321,5.31771554493889,114.81274901143864,0.96,307.43042994177966,30,0.08602325267042626,0.02867441755680876,4.933814764022827,,0.6694170128945148,3.0,lunate,0.04,0.3,90,997.1350052075964,35.0,0.5,52.89965500291726
4.0,3.999999999999999,7.786423119434032,5.460136077016852,112.53814664807001,0.96,315.6641169525368,30,0.08602325267042626,0.02867441755680876,4.9123735427856445,,0.7012380387329542,3.0,lunate,0.04,0.4,90,997.1350052075964,35.0,0.5,52.89965500291726
4.0,,,,,,,25,,,,alpha cap unreachable,,3.0,lunate,0.05,0.2,105,,35.0,0.5,
4.0,,,,,,,25,,,,alpha cap unreachable,,3.0,lunate,0.05,0.3,105,,35.0,0.5,
4.0,,,,,,,25,,,,alpha cap unreachable,,3.0,lunate,0.05,0.4,105,,35.0,0.5,
4.0,,,,,,,30,,,,alpha cap unreachable,,3.0,lunate,0.05,0.2,75,,35.0,0.5,
4.0,,,,,,,30,,,,alpha cap unreachable,,3.0,lunate,0.05,0.3,75,,35.0,0.5,
4.0,,,,,,,30,,,,alpha cap unreachable,,3.0,lunate,0.05,0.4,75,,35.0,0.5,
4.0,3.999999999999999,3.398113582026082,2.1169325428608103,49.11336036522072,1.2000000000000002,122.38516263414061,25,0.08602325267042626,0.02867441755680876,4.717473268508911,,0.6229728617836889,3.0,lunate,0.05,0.3,90,1499.4581544581124,35.0,0.5,79.54872574715309
4.0,3.999999999999999,3.1173596577165212,2.4378509763482223,45.0555888029341,1.2000000000000002,140.9382595701316,25,0.08602325267042626,0.02867441755680876,4.7465784549713135,,0.782024291073927,3.0,lunate,0.05,0.4,90,1499.4581544581124,35.0,0.5,79.54872574715309
4.0,3.999999999999999,9.158424485345739,5.568726600013936,132.36785388976267,1.2000000000000002,321.9420065633057,30,0.08602325267042626,0.02867441755680876,4.99051570892334,,0.6080441683964719,3.0,lunate,0.05,0.2,90,1246.4190941925006,35.0,0.5,66.12458666828638
4.0,3.999999999999999,8.836213451404905,5.781291096270446,127.71089753983655,1.2000000000000002,334.23089150313524,30,0.08602325267042626,0.02867441755680876,4.939452409744263,,0.6542724582271443,3.0,lunate,0.05,0.3,90,1246.4190941925006,35.0,0.5,66.12458666828638
4.0,,,,,,,30,,,,alpha cap unreachable,,3.0,lunate,0.05,0.3,105,,35.0,0.5,
4.0,,,,,,,30,,,,alpha cap unreachable,,3.0,lunate,0.05,0.4,105,,35.0,0.5,
4.0,3.999999999999999,8.628983808056745,6.020211272175424,124.71578160082015,1.2000000000000002,348.04346417264173,30,0.08602325267042626,0.02867441755680876,4.831463575363159,,0.6976732609643385,3.0,lunate,0.05,0.4,90,1246.4190941925006,35.0,0.5,66.12458666828638
4.0,,,,,,,30,,,,alpha cap unreachable,,3.0,lunate,0.05,0.2,105,,35.0,0.5,
